conv_date,msg_date,hour,day_of_week,month,sender,text_length,has_attachments
2026-01-12,2026-01-12,22,Monday,2026-01,human,189,True
2026-01-12,2026-01-12,22,Monday,2026-01,assistant,2448,False
2026-01-12,2026-01-12,22,Monday,2026-01,human,142,True
2026-01-12,2026-01-12,22,Monday,2026-01,assistant,1796,False
2026-01-12,2026-01-12,22,Monday,2026-01,human,25,False
2026-01-12,2026-01-12,22,Monday,2026-01,assistant,427,False
2026-01-12,2026-01-12,23,Monday,2026-01,human,2900,False
2026-01-12,2026-01-12,23,Monday,2026-01,assistant,1286,False
2026-01-12,2026-01-12,23,Monday,2026-01,human,57,False
2026-01-12,2026-01-12,23,Monday,2026-01,assistant,217,False
2026-01-12,2026-01-12,23,Monday,2026-01,human,102,False
2026-01-12,2026-01-12,23,Monday,2026-01,assistant,1176,False
2026-01-12,2026-01-12,23,Monday,2026-01,human,750,True
2026-01-12,2026-01-12,23,Monday,2026-01,assistant,2251,False
2026-01-12,2026-01-12,23,Monday,2026-01,human,166,False
2026-01-12,2026-01-12,23,Monday,2026-01,assistant,759,False
2026-01-13,2026-01-13,12,Tuesday,2026-01,human,2095,True
2026-01-13,2026-01-13,12,Tuesday,2026-01,assistant,2077,False
2026-01-13,2026-01-13,12,Tuesday,2026-01,human,50,False
2026-01-13,2026-01-13,12,Tuesday,2026-01,assistant,593,False
2026-01-13,2026-01-13,12,Tuesday,2026-01,human,219,False
2026-01-13,2026-01-13,12,Tuesday,2026-01,assistant,1400,False
2026-01-13,2026-01-13,18,Tuesday,2026-01,human,96,False
2026-01-13,2026-01-13,18,Tuesday,2026-01,assistant,1109,False
2026-01-13,2026-01-13,18,Tuesday,2026-01,human,179,False
2026-01-13,2026-01-13,18,Tuesday,2026-01,assistant,4308,False
2026-01-13,2026-01-13,19,Tuesday,2026-01,human,302,False
2026-01-13,2026-01-13,19,Tuesday,2026-01,assistant,2785,False
2026-01-13,2026-01-13,19,Tuesday,2026-01,human,485,True
2026-01-13,2026-01-13,19,Tuesday,2026-01,assistant,2562,False
2026-01-13,2026-01-13,19,Tuesday,2026-01,human,209,False
2026-01-13,2026-01-13,19,Tuesday,2026-01,assistant,2298,False
2026-01-13,2026-01-13,18,Tuesday,2026-01,human,66,False
2026-01-13,2026-01-13,18,Tuesday,2026-01,assistant,666,False
2026-01-13,2026-01-13,23,Tuesday,2026-01,human,131,False
2026-01-13,2026-01-13,23,Tuesday,2026-01,assistant,3628,False
2026-01-14,2026-01-14,12,Wednesday,2026-01,human,3814,True
2026-01-14,2026-01-14,12,Wednesday,2026-01,human,3814,True
2026-01-14,2026-01-14,12,Wednesday,2026-01,human,3814,True
2026-01-14,2026-01-14,12,Wednesday,2026-01,human,3814,True
2026-01-14,2026-01-14,12,Wednesday,2026-01,human,3814,True
2026-01-14,2026-01-14,12,Wednesday,2026-01,human,3814,True
2026-01-14,2026-01-14,12,Wednesday,2026-01,human,3814,True
2026-01-14,2026-01-14,12,Wednesday,2026-01,human,3814,True
2026-01-14,2026-01-14,12,Wednesday,2026-01,human,3814,True
2026-01-14,2026-01-14,12,Wednesday,2026-01,human,3814,True
2026-01-14,2026-01-14,12,Wednesday,2026-01,human,3814,True
2026-01-14,2026-01-14,12,Wednesday,2026-01,human,3814,True
2026-01-14,2026-01-14,12,Wednesday,2026-01,human,3814,True
2026-01-14,2026-01-14,12,Wednesday,2026-01,human,3814,True
2026-01-14,2026-01-14,12,Wednesday,2026-01,human,3814,True
2026-01-14,2026-01-14,12,Wednesday,2026-01,human,3814,True
2026-01-14,2026-01-14,12,Wednesday,2026-01,human,3814,True
2026-01-14,2026-01-14,12,Wednesday,2026-01,assistant,1858,False
2026-01-14,2026-01-14,12,Wednesday,2026-01,human,3814,True
2026-01-14,2026-01-14,12,Wednesday,2026-01,assistant,367,False
2026-01-14,2026-01-14,12,Wednesday,2026-01,human,1076,False
2026-01-14,2026-01-14,12,Wednesday,2026-01,assistant,1177,False
2026-01-14,2026-01-14,13,Wednesday,2026-01,human,817,False
2026-01-14,2026-01-14,13,Wednesday,2026-01,assistant,1006,False
2026-01-14,2026-01-14,18,Wednesday,2026-01,human,165,False
2026-01-14,2026-01-14,18,Wednesday,2026-01,assistant,1282,False
2026-01-14,2026-01-14,18,Wednesday,2026-01,human,426,True
2026-01-14,2026-01-14,18,Wednesday,2026-01,assistant,1476,False
2026-01-14,2026-01-14,18,Wednesday,2026-01,human,46,False
2026-01-14,2026-01-14,18,Wednesday,2026-01,assistant,1496,False
2026-01-14,2026-01-16,15,Friday,2026-01,human,2176,True
2026-01-14,2026-01-16,15,Friday,2026-01,assistant,1694,False
2026-01-14,2026-01-16,17,Friday,2026-01,human,2292,False
2026-01-14,2026-01-16,17,Friday,2026-01,assistant,1764,False
2026-01-15,2026-01-15,12,Thursday,2026-01,human,3707,False
2026-01-15,2026-01-15,12,Thursday,2026-01,assistant,3164,False
2026-01-15,2026-01-15,13,Thursday,2026-01,human,493,False
2026-01-15,2026-01-15,13,Thursday,2026-01,assistant,2216,False
2026-01-15,2026-01-15,13,Thursday,2026-01,human,198,False
2026-01-15,2026-01-15,13,Thursday,2026-01,assistant,1993,False
2026-01-15,2026-01-15,14,Thursday,2026-01,human,199,False
2026-01-15,2026-01-15,14,Thursday,2026-01,assistant,1190,False
2026-01-16,2026-01-16,15,Friday,2026-01,human,3150,False
2026-01-16,2026-01-16,15,Friday,2026-01,assistant,974,False
2026-01-16,2026-01-16,15,Friday,2026-01,human,39,False
2026-01-16,2026-01-16,15,Friday,2026-01,assistant,1920,False
2026-01-16,2026-01-16,15,Friday,2026-01,human,296,False
2026-01-16,2026-01-16,15,Friday,2026-01,assistant,1198,False
2026-01-16,2026-01-16,15,Friday,2026-01,human,291,False
2026-01-16,2026-01-16,15,Friday,2026-01,assistant,788,False
2026-01-16,2026-01-16,15,Friday,2026-01,human,123,True
2026-01-16,2026-01-16,15,Friday,2026-01,assistant,509,False
2026-01-16,2026-01-16,16,Friday,2026-01,human,20,False
2026-01-16,2026-01-16,16,Friday,2026-01,assistant,240,False
2026-01-18,2026-01-18,21,Sunday,2026-01,human,188,False
2026-01-18,2026-01-18,21,Sunday,2026-01,assistant,1271,False
2026-01-18,2026-01-18,21,Sunday,2026-01,human,35,False
2026-01-18,2026-01-18,21,Sunday,2026-01,assistant,1131,False
2026-01-18,2026-01-18,21,Sunday,2026-01,human,148,False
2026-01-18,2026-01-18,21,Sunday,2026-01,assistant,1122,False
2026-01-18,2026-01-18,22,Sunday,2026-01,human,339,False
2026-01-18,2026-01-18,22,Sunday,2026-01,assistant,1147,False
2026-01-18,2026-01-18,22,Sunday,2026-01,human,297,True
2026-01-18,2026-01-18,22,Sunday,2026-01,assistant,1495,False
2026-01-18,2026-01-18,22,Sunday,2026-01,human,437,True
2026-01-18,2026-01-18,22,Sunday,2026-01,assistant,1525,False
2026-01-18,2026-01-18,22,Sunday,2026-01,human,206,True
2026-01-18,2026-01-18,22,Sunday,2026-01,assistant,1974,False
2026-01-18,2026-01-18,22,Sunday,2026-01,human,176,True
2026-01-18,2026-01-18,22,Sunday,2026-01,assistant,1275,False
2026-01-18,2026-01-18,22,Sunday,2026-01,human,134,True
2026-01-18,2026-01-18,22,Sunday,2026-01,assistant,1131,False
2026-01-18,2026-01-20,13,Tuesday,2026-01,human,253,False
2026-01-18,2026-01-20,13,Tuesday,2026-01,assistant,3021,False
2026-01-18,2026-01-20,13,Tuesday,2026-01,human,381,False
2026-01-18,2026-01-20,13,Tuesday,2026-01,assistant,1789,False
2026-01-18,2026-01-20,13,Tuesday,2026-01,human,69,True
2026-01-18,2026-01-20,13,Tuesday,2026-01,assistant,401,False
2026-01-18,2026-01-20,14,Tuesday,2026-01,human,297,True
2026-01-18,2026-01-20,14,Tuesday,2026-01,assistant,636,False
2026-01-18,2026-01-20,14,Tuesday,2026-01,human,74,False
2026-01-18,2026-01-20,14,Tuesday,2026-01,assistant,514,False
2026-01-18,2026-01-20,14,Tuesday,2026-01,human,73,False
2026-01-18,2026-01-20,14,Tuesday,2026-01,assistant,972,False
2026-01-18,2026-01-20,14,Tuesday,2026-01,human,102,True
2026-01-18,2026-01-20,14,Tuesday,2026-01,assistant,642,False
2026-01-18,2026-01-20,14,Tuesday,2026-01,human,474,False
2026-01-18,2026-01-20,14,Tuesday,2026-01,assistant,456,False
2026-01-18,2026-01-20,14,Tuesday,2026-01,human,27,True
2026-01-18,2026-01-20,14,Tuesday,2026-01,assistant,801,False
2026-01-18,2026-01-20,14,Tuesday,2026-01,human,218,True
2026-01-18,2026-01-20,14,Tuesday,2026-01,assistant,2273,False
2026-01-20,2026-01-20,14,Tuesday,2026-01,human,445,False
2026-01-20,2026-01-20,14,Tuesday,2026-01,assistant,1629,False
2026-01-20,2026-01-20,14,Tuesday,2026-01,human,124,False
2026-01-20,2026-01-20,14,Tuesday,2026-01,assistant,965,False
2026-01-24,2026-01-24,19,Saturday,2026-01,human,315,False
2026-01-24,2026-01-24,19,Saturday,2026-01,assistant,1490,False
2026-01-24,2026-01-24,19,Saturday,2026-01,human,37,False
2026-01-24,2026-01-24,19,Saturday,2026-01,assistant,956,False
2026-01-24,2026-01-24,21,Saturday,2026-01,human,355,True
2026-01-24,2026-01-24,21,Saturday,2026-01,assistant,1045,False
2026-01-24,2026-01-24,21,Saturday,2026-01,human,136,False
2026-01-24,2026-01-24,21,Saturday,2026-01,assistant,1232,False
2026-01-24,2026-01-24,21,Saturday,2026-01,human,299,False
2026-01-24,2026-01-24,21,Saturday,2026-01,assistant,1210,False
2026-01-24,2026-01-24,21,Saturday,2026-01,human,347,False
2026-01-24,2026-01-24,21,Saturday,2026-01,assistant,1277,False
2026-01-25,2026-01-25,15,Sunday,2026-01,human,923,True
2026-01-25,2026-01-25,15,Sunday,2026-01,human,923,True
2026-01-25,2026-01-25,15,Sunday,2026-01,human,923,True
2026-01-25,2026-01-25,15,Sunday,2026-01,human,923,True
2026-01-25,2026-01-25,15,Sunday,2026-01,human,923,True
2026-01-25,2026-01-25,15,Sunday,2026-01,human,923,True
2026-01-25,2026-01-25,15,Sunday,2026-01,human,923,True
2026-01-25,2026-01-25,15,Sunday,2026-01,human,923,True
2026-01-25,2026-01-25,15,Sunday,2026-01,human,923,True
2026-01-25,2026-01-25,15,Sunday,2026-01,human,923,True
2026-01-25,2026-01-25,16,Sunday,2026-01,human,923,True
2026-01-25,2026-01-25,16,Sunday,2026-01,human,923,True
2026-01-25,2026-01-25,16,Sunday,2026-01,human,923,True
2026-01-25,2026-01-25,16,Sunday,2026-01,human,923,True
2026-01-25,2026-01-25,16,Sunday,2026-01,human,923,True
2026-01-25,2026-01-25,16,Sunday,2026-01,human,923,True
2026-01-25,2026-01-25,16,Sunday,2026-01,human,923,True
2026-01-25,2026-01-25,16,Sunday,2026-01,human,923,True
2026-01-25,2026-01-25,16,Sunday,2026-01,human,923,True
2026-01-25,2026-01-25,16,Sunday,2026-01,human,923,True
2026-01-25,2026-01-25,16,Sunday,2026-01,human,923,True
2026-01-25,2026-01-25,16,Sunday,2026-01,human,923,True
2026-01-25,2026-01-25,16,Sunday,2026-01,human,923,True
2026-01-25,2026-01-25,16,Sunday,2026-01,human,923,True
2026-01-25,2026-01-25,16,Sunday,2026-01,human,923,True
2026-01-25,2026-01-25,16,Sunday,2026-01,human,923,True
2026-01-25,2026-01-25,16,Sunday,2026-01,human,923,True
2026-01-25,2026-01-25,16,Sunday,2026-01,human,923,True
2026-01-25,2026-01-25,16,Sunday,2026-01,human,923,True
2026-01-25,2026-01-25,16,Sunday,2026-01,human,923,True
2026-01-25,2026-01-26,18,Monday,2026-01,human,923,True
2026-01-25,2026-01-26,18,Monday,2026-01,assistant,2160,False
2026-01-25,2026-01-26,18,Monday,2026-01,human,419,False
2026-01-25,2026-01-26,18,Monday,2026-01,assistant,1357,False
2026-01-25,2026-01-27,0,Tuesday,2026-01,human,571,True
2026-01-25,2026-01-27,0,Tuesday,2026-01,assistant,1267,False
2026-01-25,2026-01-27,0,Tuesday,2026-01,human,779,False
2026-01-25,2026-01-27,0,Tuesday,2026-01,assistant,1637,False
2026-01-25,2026-01-27,12,Tuesday,2026-01,human,277,True
2026-01-25,2026-01-27,12,Tuesday,2026-01,assistant,959,False
2026-01-25,2026-01-27,12,Tuesday,2026-01,human,512,False
2026-01-25,2026-01-27,12,Tuesday,2026-01,assistant,737,False
2026-01-25,2026-01-27,12,Tuesday,2026-01,human,6,False
2026-01-25,2026-01-27,12,Tuesday,2026-01,assistant,1181,False
2026-01-27,2026-01-27,17,Tuesday,2026-01,human,354,False
2026-01-27,2026-01-27,17,Tuesday,2026-01,assistant,955,False
2026-01-27,2026-01-27,17,Tuesday,2026-01,human,1118,False
2026-01-27,2026-01-27,17,Tuesday,2026-01,assistant,1708,False
2026-01-27,2026-01-27,17,Tuesday,2026-01,human,1723,False
2026-01-27,2026-01-27,17,Tuesday,2026-01,assistant,1658,False
2026-01-27,2026-01-27,18,Tuesday,2026-01,human,573,False
2026-01-27,2026-01-27,18,Tuesday,2026-01,assistant,2130,False
2026-01-27,2026-01-27,18,Tuesday,2026-01,human,120,False
2026-01-27,2026-01-27,18,Tuesday,2026-01,assistant,1164,False
2026-01-27,2026-01-27,18,Tuesday,2026-01,human,76,False
2026-01-27,2026-01-27,18,Tuesday,2026-01,assistant,877,False
2026-01-27,2026-01-27,18,Tuesday,2026-01,human,1137,False
2026-01-27,2026-01-27,18,Tuesday,2026-01,assistant,1131,False
2026-01-28,2026-01-28,19,Wednesday,2026-01,human,1322,True
2026-01-28,2026-01-28,19,Wednesday,2026-01,assistant,2284,False
2026-01-28,2026-01-28,19,Wednesday,2026-01,human,121,False
2026-01-28,2026-01-28,19,Wednesday,2026-01,assistant,1243,False
2026-01-28,2026-01-28,19,Wednesday,2026-01,human,66,True
2026-01-28,2026-01-28,19,Wednesday,2026-01,assistant,2419,False
2026-01-28,2026-01-28,19,Wednesday,2026-01,human,66,True
2026-01-28,2026-01-28,19,Wednesday,2026-01,assistant,2332,False
2026-01-28,2026-01-28,19,Wednesday,2026-01,human,247,True
2026-01-28,2026-01-28,19,Wednesday,2026-01,assistant,2685,False
2026-01-28,2026-01-28,19,Wednesday,2026-01,human,130,True
2026-01-28,2026-01-28,19,Wednesday,2026-01,assistant,2092,False
2026-01-28,2026-01-28,20,Wednesday,2026-01,human,97,False
2026-01-28,2026-01-28,20,Wednesday,2026-01,assistant,7896,False
2026-01-28,2026-01-28,20,Wednesday,2026-01,human,326,False
2026-01-28,2026-01-28,20,Wednesday,2026-01,assistant,7305,False
2026-01-28,2026-02-13,21,Friday,2026-02,human,425,True
2026-01-28,2026-02-13,21,Friday,2026-02,assistant,6809,False
2026-01-28,2026-02-13,23,Friday,2026-02,human,316,False
2026-01-28,2026-02-13,23,Friday,2026-02,assistant,2267,False
2026-02-04,2026-02-04,1,Wednesday,2026-02,human,1295,False
2026-02-04,2026-02-04,1,Wednesday,2026-02,assistant,1443,False
2026-02-04,2026-02-04,1,Wednesday,2026-02,human,177,False
2026-02-04,2026-02-04,1,Wednesday,2026-02,assistant,1284,False
2026-02-04,2026-02-04,1,Wednesday,2026-02,human,127,False
2026-02-04,2026-02-04,1,Wednesday,2026-02,assistant,646,False
2026-02-04,2026-02-06,11,Friday,2026-02,human,395,False
2026-02-04,2026-02-06,11,Friday,2026-02,assistant,1251,False
2026-02-04,2026-02-06,11,Friday,2026-02,human,235,False
2026-02-04,2026-02-06,11,Friday,2026-02,assistant,1239,False
2026-02-04,2026-02-06,11,Friday,2026-02,human,135,False
2026-02-04,2026-02-06,11,Friday,2026-02,assistant,1254,False
2026-02-04,2026-02-06,12,Friday,2026-02,human,375,False
2026-02-04,2026-02-06,12,Friday,2026-02,assistant,1288,False
2026-02-05,2026-02-05,14,Thursday,2026-02,human,155,False
2026-02-05,2026-02-05,14,Thursday,2026-02,assistant,1542,False
2026-02-05,2026-02-05,14,Thursday,2026-02,human,159,False
2026-02-05,2026-02-05,14,Thursday,2026-02,assistant,1299,False
2026-02-14,2026-02-14,18,Saturday,2026-02,human,3099,False
2026-02-14,2026-02-14,18,Saturday,2026-02,assistant,1455,False
2026-02-14,2026-02-14,18,Saturday,2026-02,human,1039,False
2026-02-14,2026-02-14,18,Saturday,2026-02,assistant,2734,False
2026-02-14,2026-02-14,18,Saturday,2026-02,human,466,False
2026-02-14,2026-02-14,18,Saturday,2026-02,assistant,1117,False
2026-02-14,2026-02-14,18,Saturday,2026-02,human,183,False
2026-02-14,2026-02-14,18,Saturday,2026-02,assistant,713,False
2026-02-14,2026-02-14,18,Saturday,2026-02,human,826,True
2026-02-14,2026-02-14,18,Saturday,2026-02,assistant,3412,True
2026-02-14,2026-02-14,19,Saturday,2026-02,human,692,False
2026-02-14,2026-02-14,19,Saturday,2026-02,assistant,2703,False
2026-02-14,2026-02-14,18,Saturday,2026-02,human,3171,False
2026-02-14,2026-02-14,18,Saturday,2026-02,assistant,1778,False
2026-02-14,2026-02-14,18,Saturday,2026-02,human,437,False
2026-02-14,2026-02-14,19,Saturday,2026-02,assistant,2939,False
2026-02-18,2026-02-18,22,Wednesday,2026-02,human,649,False
2026-02-18,2026-02-18,22,Wednesday,2026-02,assistant,1906,False
2026-02-18,2026-02-18,23,Wednesday,2026-02,human,415,False
2026-02-18,2026-02-18,23,Wednesday,2026-02,assistant,1136,False
2026-02-18,2026-02-19,0,Thursday,2026-02,human,443,False
2026-02-18,2026-02-19,0,Thursday,2026-02,assistant,858,False
2026-02-18,2026-02-19,0,Thursday,2026-02,human,47,False
2026-02-18,2026-02-19,0,Thursday,2026-02,assistant,1184,False
2026-02-20,2026-02-20,1,Friday,2026-02,human,3555,True
2026-02-20,2026-02-20,1,Friday,2026-02,assistant,921,False
2026-02-21,2026-02-21,23,Saturday,2026-02,human,32,False
2026-02-21,2026-02-21,23,Saturday,2026-02,assistant,492,False
2026-02-21,2026-02-21,23,Saturday,2026-02,human,2747,False
2026-02-21,2026-02-21,23,Saturday,2026-02,assistant,1185,False
2026-02-21,2026-02-21,23,Saturday,2026-02,human,0,True
2026-02-21,2026-02-21,23,Saturday,2026-02,assistant,1023,False
2026-02-21,2026-02-22,0,Sunday,2026-02,human,0,True
2026-02-21,2026-02-22,0,Sunday,2026-02,assistant,971,False
2026-02-21,2026-02-22,0,Sunday,2026-02,human,3725,False
2026-02-21,2026-02-22,0,Sunday,2026-02,assistant,902,False
2026-02-21,2026-02-22,0,Sunday,2026-02,human,3730,False
2026-02-21,2026-02-22,0,Sunday,2026-02,assistant,882,False
2026-02-21,2026-02-22,2,Sunday,2026-02,human,2912,False
2026-02-21,2026-02-22,2,Sunday,2026-02,assistant,1155,False
2026-02-22,2026-02-22,21,Sunday,2026-02,human,432,True
2026-02-22,2026-02-22,21,Sunday,2026-02,assistant,994,False
2026-02-26,2026-02-26,16,Thursday,2026-02,human,130,False
2026-02-26,2026-02-26,16,Thursday,2026-02,assistant,947,False
2026-02-26,2026-02-26,16,Thursday,2026-02,human,503,False
2026-02-26,2026-02-26,16,Thursday,2026-02,assistant,103,False
2026-02-26,2026-02-26,16,Thursday,2026-02,human,434,False
2026-02-26,2026-02-26,16,Thursday,2026-02,assistant,1421,False
2026-02-27,2026-02-27,0,Friday,2026-02,human,497,True
2026-02-27,2026-02-27,0,Friday,2026-02,assistant,1068,False
2026-02-27,2026-02-27,0,Friday,2026-02,human,367,False
2026-02-27,2026-02-27,0,Friday,2026-02,assistant,863,False
2026-02-27,2026-02-27,0,Friday,2026-02,human,131,False
2026-02-27,2026-02-27,0,Friday,2026-02,assistant,1666,False
2026-02-27,2026-02-27,0,Friday,2026-02,human,481,False
2026-02-27,2026-02-27,0,Friday,2026-02,assistant,1911,False
2026-02-27,2026-02-27,1,Friday,2026-02,human,237,True
2026-02-27,2026-02-27,1,Friday,2026-02,assistant,653,False
2026-02-27,2026-02-27,1,Friday,2026-02,human,237,True
2026-02-27,2026-02-27,1,Friday,2026-02,assistant,856,False
2026-02-27,2026-02-27,1,Friday,2026-02,human,311,False
2026-02-27,2026-02-27,1,Friday,2026-02,assistant,583,False
2026-02-27,2026-02-27,1,Friday,2026-02,human,199,False
2026-02-27,2026-02-27,2,Friday,2026-02,assistant,1323,False
2026-02-28,2026-02-28,13,Saturday,2026-02,human,264,True
2026-02-28,2026-02-28,13,Saturday,2026-02,assistant,2658,False
2026-02-28,2026-02-28,13,Saturday,2026-02,human,347,False
2026-02-28,2026-02-28,13,Saturday,2026-02,assistant,3238,False
2026-02-28,2026-02-28,13,Saturday,2026-02,human,220,False
2026-02-28,2026-02-28,13,Saturday,2026-02,assistant,4206,False
2026-02-28,2026-02-28,21,Saturday,2026-02,human,118,False
2026-02-28,2026-02-28,21,Saturday,2026-02,assistant,1309,False
2026-02-28,2026-03-02,16,Monday,2026-03,human,221,False
2026-02-28,2026-03-02,16,Monday,2026-03,assistant,2532,False
2026-02-28,2026-03-02,17,Monday,2026-03,human,110,False
2026-02-28,2026-03-02,17,Monday,2026-03,assistant,2348,False
2026-02-28,2026-03-02,17,Monday,2026-03,human,36,False
2026-02-28,2026-03-02,17,Monday,2026-03,assistant,2758,False
2026-02-28,2026-03-02,17,Monday,2026-03,human,16,False
2026-02-28,2026-03-02,17,Monday,2026-03,assistant,2306,False
2026-02-28,2026-03-02,17,Monday,2026-03,human,20,False
2026-02-28,2026-03-02,17,Monday,2026-03,assistant,2163,False
2026-02-28,2026-03-11,16,Wednesday,2026-03,human,261,True
2026-02-28,2026-03-11,16,Wednesday,2026-03,assistant,709,False
2026-02-28,2026-03-11,16,Wednesday,2026-03,human,106,False
2026-02-28,2026-03-11,16,Wednesday,2026-03,assistant,1626,False
2026-02-28,2026-03-11,16,Wednesday,2026-03,human,71,False
2026-02-28,2026-03-11,16,Wednesday,2026-03,assistant,644,False
2026-02-28,2026-03-17,17,Tuesday,2026-03,human,283,True
2026-02-28,2026-03-17,17,Tuesday,2026-03,assistant,1832,False
2026-02-28,2026-03-17,17,Tuesday,2026-03,human,100,False
2026-02-28,2026-03-17,17,Tuesday,2026-03,assistant,2569,False
2026-02-28,2026-03-17,17,Tuesday,2026-03,human,213,False
2026-02-28,2026-03-17,17,Tuesday,2026-03,assistant,2506,False
2026-02-28,2026-03-17,17,Tuesday,2026-03,human,264,False
2026-02-28,2026-03-17,17,Tuesday,2026-03,assistant,1359,False
2026-02-28,2026-03-17,17,Tuesday,2026-03,human,29,False
2026-02-28,2026-03-17,17,Tuesday,2026-03,assistant,1067,False
2026-02-28,2026-02-28,18,Saturday,2026-02,human,3787,False
2026-02-28,2026-02-28,18,Saturday,2026-02,assistant,2684,False
2026-02-28,2026-02-28,19,Saturday,2026-02,human,196,True
2026-02-28,2026-02-28,19,Saturday,2026-02,assistant,424,False
2026-02-28,2026-02-28,19,Saturday,2026-02,human,114,False
2026-02-28,2026-02-28,19,Saturday,2026-02,assistant,1469,False
2026-02-28,2026-02-28,19,Saturday,2026-02,human,206,False
2026-02-28,2026-02-28,19,Saturday,2026-02,assistant,1408,True
2026-02-28,2026-02-28,19,Saturday,2026-02,human,77,False
2026-02-28,2026-02-28,19,Saturday,2026-02,assistant,169,False
2026-02-28,2026-02-28,19,Saturday,2026-02,human,3308,False
2026-02-28,2026-02-28,19,Saturday,2026-02,assistant,836,False
2026-02-28,2026-02-28,19,Saturday,2026-02,human,171,False
2026-02-28,2026-02-28,19,Saturday,2026-02,assistant,971,False
2026-03-01,2026-03-01,13,Sunday,2026-03,human,1419,False
2026-03-01,2026-03-01,13,Sunday,2026-03,assistant,7330,False
2026-03-01,2026-03-01,13,Sunday,2026-03,human,39,False
2026-03-01,2026-03-01,13,Sunday,2026-03,assistant,1627,False
2026-03-01,2026-03-01,13,Sunday,2026-03,human,24,False
2026-03-01,2026-03-01,13,Sunday,2026-03,assistant,350,False
2026-03-01,2026-03-01,13,Sunday,2026-03,human,307,False
2026-03-01,2026-03-01,13,Sunday,2026-03,assistant,934,False
2026-03-01,2026-03-01,13,Sunday,2026-03,human,304,False
2026-03-01,2026-03-01,13,Sunday,2026-03,assistant,2293,False
2026-03-02,2026-03-02,0,Monday,2026-03,human,322,False
2026-03-02,2026-03-02,0,Monday,2026-03,assistant,1768,False
2026-03-02,2026-03-02,0,Monday,2026-03,human,139,False
2026-03-02,2026-03-02,0,Monday,2026-03,assistant,1230,False
2026-03-02,2026-03-02,23,Monday,2026-03,human,86,True
2026-03-02,2026-03-02,23,Monday,2026-03,assistant,585,False
2026-03-02,2026-03-02,23,Monday,2026-03,human,70,False
2026-03-02,2026-03-02,23,Monday,2026-03,assistant,900,False
2026-03-02,2026-03-02,23,Monday,2026-03,human,32,False
2026-03-02,2026-03-02,23,Monday,2026-03,assistant,1240,False
2026-03-02,2026-03-02,23,Monday,2026-03,human,26,False
2026-03-02,2026-03-02,23,Monday,2026-03,assistant,1189,False
2026-03-03,2026-03-03,14,Tuesday,2026-03,human,101,True
2026-03-03,2026-03-03,14,Tuesday,2026-03,assistant,430,False
2026-03-03,2026-03-03,14,Tuesday,2026-03,human,43,False
2026-03-03,2026-03-03,14,Tuesday,2026-03,assistant,537,False
2026-03-04,2026-03-04,0,Wednesday,2026-03,human,186,False
2026-03-04,2026-03-04,0,Wednesday,2026-03,assistant,3240,False
2026-03-04,2026-03-04,16,Wednesday,2026-03,human,198,False
2026-03-04,2026-03-04,16,Wednesday,2026-03,assistant,4209,False
2026-03-05,2026-03-05,1,Thursday,2026-03,human,586,True
2026-03-05,2026-03-05,1,Thursday,2026-03,assistant,390,False
2026-03-05,2026-03-05,1,Thursday,2026-03,human,79,False
2026-03-05,2026-03-05,1,Thursday,2026-03,assistant,3959,False
2026-03-06,2026-03-06,18,Friday,2026-03,human,3506,False
2026-03-06,2026-03-06,18,Friday,2026-03,assistant,1815,False
2026-03-06,2026-03-06,18,Friday,2026-03,human,28,True
2026-03-06,2026-03-06,18,Friday,2026-03,assistant,418,False
2026-03-06,2026-03-06,18,Friday,2026-03,human,176,True
2026-03-06,2026-03-06,18,Friday,2026-03,assistant,1361,False
2026-03-06,2026-03-06,18,Friday,2026-03,human,2389,False
2026-03-06,2026-03-06,18,Friday,2026-03,assistant,1083,False
2026-03-06,2026-03-06,18,Friday,2026-03,human,2878,False
2026-03-06,2026-03-06,19,Friday,2026-03,assistant,1146,False
2026-03-06,2026-03-06,19,Friday,2026-03,human,1621,False
2026-03-06,2026-03-06,19,Friday,2026-03,assistant,836,False
2026-03-08,2026-03-08,0,Sunday,2026-03,human,2376,False
2026-03-08,2026-03-08,0,Sunday,2026-03,assistant,1101,False
2026-03-09,2026-03-09,15,Monday,2026-03,human,0,True
2026-03-09,2026-03-09,15,Monday,2026-03,assistant,1275,False
2026-03-09,2026-03-09,15,Monday,2026-03,assistant,1148,False
2026-03-09,2026-03-09,16,Monday,2026-03,human,0,True
2026-03-09,2026-03-09,16,Monday,2026-03,human,0,True
2026-03-09,2026-03-09,16,Monday,2026-03,assistant,1502,False
2026-03-09,2026-03-09,16,Monday,2026-03,human,3326,False
2026-03-09,2026-03-09,16,Monday,2026-03,assistant,1299,False
2026-03-10,2026-03-10,14,Tuesday,2026-03,human,483,False
2026-03-10,2026-03-10,14,Tuesday,2026-03,assistant,2964,False
2026-03-10,2026-03-10,15,Tuesday,2026-03,human,28,False
2026-03-10,2026-03-10,15,Tuesday,2026-03,assistant,866,False
2026-03-10,2026-03-11,15,Wednesday,2026-03,human,262,False
2026-03-10,2026-03-11,15,Wednesday,2026-03,assistant,852,False
2026-03-10,2026-03-17,23,Tuesday,2026-03,human,2563,False
2026-03-10,2026-03-17,23,Tuesday,2026-03,assistant,1225,False
2026-03-10,2026-03-17,23,Tuesday,2026-03,human,134,False
2026-03-10,2026-03-17,23,Tuesday,2026-03,assistant,1122,False
2026-03-10,2026-03-17,23,Tuesday,2026-03,human,2956,False
2026-03-10,2026-03-17,23,Tuesday,2026-03,assistant,2821,False
2026-03-10,2026-03-17,23,Tuesday,2026-03,human,273,False
2026-03-10,2026-03-17,23,Tuesday,2026-03,assistant,3760,False
2026-03-11,2026-03-11,17,Wednesday,2026-03,human,309,True
2026-03-11,2026-03-11,17,Wednesday,2026-03,assistant,3240,False
2026-03-11,2026-03-11,19,Wednesday,2026-03,human,135,False
2026-03-11,2026-03-11,19,Wednesday,2026-03,assistant,4423,False
2026-03-12,2026-03-12,22,Thursday,2026-03,human,198,False
2026-03-12,2026-03-12,22,Thursday,2026-03,assistant,169,False
2026-03-12,2026-03-12,22,Thursday,2026-03,human,948,False
2026-03-12,2026-03-12,22,Thursday,2026-03,assistant,582,False
2026-03-12,2026-03-12,22,Thursday,2026-03,human,37,False
2026-03-12,2026-03-12,22,Thursday,2026-03,assistant,182,False
2026-03-12,2026-03-12,22,Thursday,2026-03,human,2856,False
2026-03-12,2026-03-12,22,Thursday,2026-03,assistant,568,False
2026-03-12,2026-03-12,22,Thursday,2026-03,human,73,False
2026-03-12,2026-03-12,22,Thursday,2026-03,assistant,141,False
2026-03-12,2026-03-12,22,Thursday,2026-03,human,64,False
2026-03-12,2026-03-12,22,Thursday,2026-03,assistant,19,False
2026-03-12,2026-03-12,22,Thursday,2026-03,human,23,False
2026-03-12,2026-03-12,22,Thursday,2026-03,assistant,1409,False
2026-03-12,2026-03-12,22,Thursday,2026-03,human,486,False
2026-03-12,2026-03-12,22,Thursday,2026-03,assistant,652,False
2026-03-12,2026-03-12,22,Thursday,2026-03,human,4,False
2026-03-12,2026-03-12,22,Thursday,2026-03,assistant,768,False
2026-03-12,2026-03-12,22,Thursday,2026-03,human,551,False
2026-03-12,2026-03-12,22,Thursday,2026-03,assistant,1322,False
2026-03-12,2026-03-12,23,Thursday,2026-03,human,1391,False
2026-03-12,2026-03-12,23,Thursday,2026-03,assistant,778,False
2026-03-12,2026-03-12,23,Thursday,2026-03,human,350,False
2026-03-12,2026-03-12,23,Thursday,2026-03,assistant,1022,False
2026-03-12,2026-03-12,23,Thursday,2026-03,human,268,False
2026-03-12,2026-03-12,23,Thursday,2026-03,assistant,1224,False
2026-03-12,2026-03-12,23,Thursday,2026-03,human,344,False
2026-03-12,2026-03-12,23,Thursday,2026-03,assistant,725,False
2026-03-12,2026-03-12,23,Thursday,2026-03,human,101,False
2026-03-12,2026-03-12,23,Thursday,2026-03,assistant,489,False
2026-03-12,2026-03-13,15,Friday,2026-03,human,180,False
2026-03-12,2026-03-13,15,Friday,2026-03,assistant,433,False
2026-03-15,2026-03-15,22,Sunday,2026-03,human,148,False
2026-03-15,2026-03-15,22,Sunday,2026-03,assistant,124,False
2026-03-15,2026-03-15,22,Sunday,2026-03,human,483,False
2026-03-15,2026-03-15,22,Sunday,2026-03,assistant,538,False
2026-03-15,2026-03-15,22,Sunday,2026-03,human,24,False
2026-03-15,2026-03-15,22,Sunday,2026-03,assistant,491,False
2026-03-15,2026-03-16,23,Monday,2026-03,human,1197,False
2026-03-15,2026-03-16,23,Monday,2026-03,assistant,296,False
2026-03-15,2026-03-16,23,Monday,2026-03,human,36,False
2026-03-15,2026-03-16,23,Monday,2026-03,assistant,1412,False
2026-03-15,2026-03-16,23,Monday,2026-03,human,229,True
2026-03-15,2026-03-16,23,Monday,2026-03,assistant,1581,False
2026-03-15,2026-03-16,23,Monday,2026-03,human,798,False
2026-03-15,2026-03-16,23,Monday,2026-03,assistant,966,False
2026-03-15,2026-03-16,23,Monday,2026-03,human,388,False
2026-03-15,2026-03-16,23,Monday,2026-03,assistant,650,False
2026-03-15,2026-03-16,23,Monday,2026-03,human,245,False
2026-03-15,2026-03-16,23,Monday,2026-03,assistant,460,False
2026-03-15,2026-03-16,23,Monday,2026-03,human,163,False
2026-03-15,2026-03-16,23,Monday,2026-03,assistant,349,False
2026-03-15,2026-03-16,23,Monday,2026-03,human,99,False
2026-03-15,2026-03-16,23,Monday,2026-03,assistant,704,False
2026-03-15,2026-03-15,23,Sunday,2026-03,human,1798,False
2026-03-15,2026-03-15,23,Sunday,2026-03,assistant,5446,False
2026-03-15,2026-03-15,23,Sunday,2026-03,human,133,False
2026-03-15,2026-03-15,23,Sunday,2026-03,assistant,559,False
2026-03-15,2026-03-15,23,Sunday,2026-03,human,69,False
2026-03-15,2026-03-15,23,Sunday,2026-03,assistant,382,False
2026-03-16,2026-03-16,23,Monday,2026-03,human,1229,False
2026-03-16,2026-03-16,23,Monday,2026-03,assistant,757,False
2026-03-16,2026-03-16,23,Monday,2026-03,human,338,False
2026-03-16,2026-03-16,23,Monday,2026-03,assistant,1778,False
2026-03-16,2026-03-16,23,Monday,2026-03,human,35,False
2026-03-16,2026-03-16,23,Monday,2026-03,assistant,321,False
2026-03-18,2026-03-18,22,Wednesday,2026-03,human,4220,False
2026-03-18,2026-03-18,22,Wednesday,2026-03,assistant,1510,False
2026-03-19,2026-03-19,14,Thursday,2026-03,human,128,False
2026-03-19,2026-03-19,14,Thursday,2026-03,assistant,2699,False
2026-03-19,2026-03-19,14,Thursday,2026-03,human,0,True
2026-03-19,2026-03-19,14,Thursday,2026-03,assistant,3229,False
2026-03-19,2026-03-19,14,Thursday,2026-03,human,280,True
2026-03-19,2026-03-19,14,Thursday,2026-03,assistant,1095,False
2026-03-19,2026-03-19,14,Thursday,2026-03,human,1564,False
2026-03-19,2026-03-19,14,Thursday,2026-03,assistant,1353,False
2026-03-19,2026-03-19,14,Thursday,2026-03,human,1163,False
2026-03-19,2026-03-19,14,Thursday,2026-03,assistant,786,False
2026-03-19,2026-03-19,14,Thursday,2026-03,human,170,False
2026-03-19,2026-03-19,14,Thursday,2026-03,assistant,429,False
2026-03-19,2026-03-19,14,Thursday,2026-03,human,314,False
2026-03-19,2026-03-19,14,Thursday,2026-03,assistant,217,False
2026-03-19,2026-03-19,14,Thursday,2026-03,human,169,False
2026-03-19,2026-03-19,14,Thursday,2026-03,assistant,298,False
2026-03-19,2026-03-19,17,Thursday,2026-03,human,1755,False
2026-03-19,2026-03-19,17,Thursday,2026-03,assistant,766,False
2026-03-19,2026-03-19,17,Thursday,2026-03,human,354,False
2026-03-19,2026-03-19,17,Thursday,2026-03,assistant,1614,False
2026-03-19,2026-03-19,18,Thursday,2026-03,human,2234,True
2026-03-19,2026-03-19,18,Thursday,2026-03,assistant,2005,False
2026-03-19,2026-03-19,18,Thursday,2026-03,human,68,False
2026-03-19,2026-03-19,18,Thursday,2026-03,assistant,269,False
2026-03-19,2026-03-19,18,Thursday,2026-03,human,856,False
2026-03-19,2026-03-19,18,Thursday,2026-03,assistant,1286,False
2026-03-19,2026-03-19,18,Thursday,2026-03,human,1690,False
2026-03-19,2026-03-19,18,Thursday,2026-03,assistant,390,False
2026-03-19,2026-03-19,18,Thursday,2026-03,human,333,False
2026-03-19,2026-03-19,18,Thursday,2026-03,assistant,1232,True
2026-03-19,2026-03-19,18,Thursday,2026-03,human,42,False
2026-03-19,2026-03-19,18,Thursday,2026-03,assistant,866,False
2026-03-19,2026-03-19,18,Thursday,2026-03,human,51,False
2026-03-19,2026-03-19,18,Thursday,2026-03,assistant,510,False
2026-03-19,2026-03-19,18,Thursday,2026-03,human,0,True
2026-03-19,2026-03-19,18,Thursday,2026-03,assistant,226,False
2026-03-19,2026-03-19,22,Thursday,2026-03,human,3091,False
2026-03-19,2026-03-19,22,Thursday,2026-03,assistant,324,False
2026-03-19,2026-03-19,22,Thursday,2026-03,human,393,False
2026-03-19,2026-03-19,23,Thursday,2026-03,assistant,1375,False
2026-03-19,2026-03-19,23,Thursday,2026-03,human,3109,False
2026-03-19,2026-03-19,23,Thursday,2026-03,assistant,1576,False
2026-03-19,2026-03-19,23,Thursday,2026-03,human,242,False
2026-03-19,2026-03-19,23,Thursday,2026-03,assistant,501,False
2026-03-20,2026-03-20,13,Friday,2026-03,human,279,True
2026-03-20,2026-03-20,13,Friday,2026-03,assistant,1431,False
2026-03-21,2026-03-21,21,Saturday,2026-03,human,242,False
2026-03-21,2026-03-21,21,Saturday,2026-03,assistant,1281,False
2026-03-21,2026-03-21,21,Saturday,2026-03,human,1930,False
2026-03-21,2026-03-21,21,Saturday,2026-03,assistant,764,False
2026-03-21,2026-03-21,21,Saturday,2026-03,human,137,False
2026-03-21,2026-03-21,21,Saturday,2026-03,assistant,1156,False
2026-03-21,2026-03-21,22,Saturday,2026-03,human,551,False
2026-03-21,2026-03-21,22,Saturday,2026-03,assistant,916,False
2026-03-22,2026-03-22,14,Sunday,2026-03,human,157,False
2026-03-22,2026-03-22,14,Sunday,2026-03,assistant,3273,False
2026-03-22,2026-03-22,14,Sunday,2026-03,human,89,False
2026-03-22,2026-03-22,14,Sunday,2026-03,assistant,3016,False
2026-03-23,2026-03-23,13,Monday,2026-03,human,887,False
2026-03-23,2026-03-23,13,Monday,2026-03,assistant,1071,False
2026-03-23,2026-03-23,14,Monday,2026-03,human,782,False
2026-03-23,2026-03-23,14,Monday,2026-03,assistant,1620,False
2026-03-23,2026-03-23,15,Monday,2026-03,human,532,False
2026-03-23,2026-03-23,15,Monday,2026-03,assistant,1809,False
2026-03-23,2026-03-23,15,Monday,2026-03,human,188,False
2026-03-23,2026-03-23,15,Monday,2026-03,assistant,1195,False
2026-03-23,2026-03-23,20,Monday,2026-03,human,178,False
2026-03-23,2026-03-23,20,Monday,2026-03,assistant,2921,False
2026-03-23,2026-03-23,20,Monday,2026-03,human,161,False
2026-03-23,2026-03-23,20,Monday,2026-03,assistant,2146,False
2026-03-23,2026-03-23,20,Monday,2026-03,human,86,False
2026-03-23,2026-03-23,20,Monday,2026-03,assistant,1504,False
2026-03-24,2026-03-24,1,Tuesday,2026-03,human,1868,False
2026-03-24,2026-03-24,1,Tuesday,2026-03,assistant,419,False
2026-03-24,2026-03-24,1,Tuesday,2026-03,human,324,False
2026-03-24,2026-03-24,1,Tuesday,2026-03,assistant,1281,False
2026-03-24,2026-03-24,1,Tuesday,2026-03,human,65,True
2026-03-24,2026-03-24,1,Tuesday,2026-03,assistant,1296,False
2026-03-24,2026-03-24,1,Tuesday,2026-03,human,1631,False
2026-03-24,2026-03-24,1,Tuesday,2026-03,assistant,105,False
2026-03-24,2026-03-24,1,Tuesday,2026-03,human,83,False
2026-03-24,2026-03-24,1,Tuesday,2026-03,assistant,890,False
2026-03-24,2026-03-24,2,Tuesday,2026-03,human,90,True
2026-03-24,2026-03-24,2,Tuesday,2026-03,assistant,1056,False
2026-03-25,2026-03-25,19,Wednesday,2026-03,human,1117,False
2026-03-25,2026-03-25,19,Wednesday,2026-03,assistant,1348,False
2026-03-26,2026-03-26,0,Thursday,2026-03,human,1388,False
2026-03-26,2026-03-26,0,Thursday,2026-03,assistant,1467,False
2026-03-26,2026-03-26,0,Thursday,2026-03,human,94,False
2026-03-26,2026-03-26,0,Thursday,2026-03,assistant,355,False
2026-03-26,2026-03-26,0,Thursday,2026-03,human,167,True
2026-03-26,2026-03-26,0,Thursday,2026-03,assistant,839,False
2026-03-26,2026-03-26,0,Thursday,2026-03,human,1420,False
2026-03-26,2026-03-26,0,Thursday,2026-03,assistant,1197,False
2026-03-26,2026-03-26,0,Thursday,2026-03,human,266,False
2026-03-26,2026-03-26,0,Thursday,2026-03,assistant,1273,False
2026-03-26,2026-03-26,1,Thursday,2026-03,human,1422,False
2026-03-26,2026-03-26,1,Thursday,2026-03,assistant,364,False
2026-03-26,2026-03-26,1,Thursday,2026-03,human,112,False
2026-03-26,2026-03-26,1,Thursday,2026-03,assistant,1602,True
2026-03-26,2026-03-26,1,Thursday,2026-03,human,115,False
2026-03-26,2026-03-26,1,Thursday,2026-03,assistant,1233,False
2026-03-26,2026-03-26,1,Thursday,2026-03,human,742,False
2026-03-26,2026-03-26,1,Thursday,2026-03,assistant,481,False
2026-03-26,2026-03-26,14,Thursday,2026-03,human,194,True
2026-03-26,2026-03-26,14,Thursday,2026-03,assistant,968,False
2026-03-26,2026-03-26,14,Thursday,2026-03,human,116,False
2026-03-26,2026-03-26,14,Thursday,2026-03,assistant,235,False
2026-03-26,2026-03-26,14,Thursday,2026-03,human,94,False
2026-03-26,2026-03-26,14,Thursday,2026-03,assistant,1273,False
2026-03-26,2026-03-26,14,Thursday,2026-03,human,129,False
2026-03-26,2026-03-26,14,Thursday,2026-03,assistant,1302,False
2026-03-26,2026-03-26,14,Thursday,2026-03,human,36,False
2026-03-26,2026-03-26,14,Thursday,2026-03,assistant,1249,False
2026-03-26,2026-03-26,14,Thursday,2026-03,human,115,False
2026-03-26,2026-03-26,14,Thursday,2026-03,assistant,1479,False
2026-03-26,2026-03-26,14,Thursday,2026-03,human,134,False
2026-03-26,2026-03-26,14,Thursday,2026-03,assistant,2050,False
2026-03-28,2026-03-28,18,Saturday,2026-03,human,3181,False
2026-03-28,2026-03-28,18,Saturday,2026-03,assistant,749,False
2026-03-28,2026-03-28,18,Saturday,2026-03,human,92,False
2026-03-28,2026-03-28,18,Saturday,2026-03,assistant,1555,False
2026-03-28,2026-03-28,22,Saturday,2026-03,human,3246,False
2026-03-28,2026-03-28,22,Saturday,2026-03,assistant,516,False
2026-03-28,2026-03-28,22,Saturday,2026-03,human,72,False
2026-03-28,2026-03-28,22,Saturday,2026-03,assistant,1206,False
2026-03-28,2026-03-28,22,Saturday,2026-03,human,823,False
2026-03-28,2026-03-28,22,Saturday,2026-03,assistant,360,False
2026-04-01,2026-04-01,16,Wednesday,2026-04,human,80,False
2026-04-01,2026-04-01,16,Wednesday,2026-04,assistant,2505,False
2026-04-08,2026-04-08,20,Wednesday,2026-04,human,150,False
2026-04-08,2026-04-08,20,Wednesday,2026-04,assistant,588,False
2026-04-08,2026-04-08,20,Wednesday,2026-04,human,50,False
2026-04-08,2026-04-08,20,Wednesday,2026-04,assistant,1121,True
2026-04-08,2026-04-08,20,Wednesday,2026-04,human,872,False
2026-04-08,2026-04-08,20,Wednesday,2026-04,assistant,843,True
2026-04-09,2026-04-09,0,Thursday,2026-04,human,220,False
2026-04-09,2026-04-09,0,Thursday,2026-04,assistant,985,False
2026-04-09,2026-04-09,0,Thursday,2026-04,human,73,False
2026-04-09,2026-04-09,0,Thursday,2026-04,assistant,814,False
2026-04-09,2026-04-09,0,Thursday,2026-04,human,32,False
2026-04-09,2026-04-09,0,Thursday,2026-04,assistant,1066,False
2026-04-09,2026-04-09,0,Thursday,2026-04,human,990,False
2026-04-09,2026-04-09,0,Thursday,2026-04,assistant,2670,False
2026-04-09,2026-04-09,1,Thursday,2026-04,human,56,False
2026-04-09,2026-04-09,1,Thursday,2026-04,assistant,404,False
2026-04-09,2026-04-09,1,Thursday,2026-04,human,25,True
2026-04-09,2026-04-09,1,Thursday,2026-04,assistant,744,False
2026-04-09,2026-04-09,1,Thursday,2026-04,human,41,True
2026-04-09,2026-04-09,1,Thursday,2026-04,assistant,469,False
2026-04-09,2026-04-09,1,Thursday,2026-04,human,36,True
2026-04-09,2026-04-09,1,Thursday,2026-04,assistant,1506,False
2026-04-09,2026-04-09,1,Thursday,2026-04,human,49,True
2026-04-09,2026-04-09,1,Thursday,2026-04,assistant,861,False
2026-04-09,2026-04-09,1,Thursday,2026-04,human,34,False
2026-04-09,2026-04-09,1,Thursday,2026-04,assistant,539,False
2026-04-13,2026-04-13,20,Monday,2026-04,human,73,True
2026-04-13,2026-04-13,20,Monday,2026-04,assistant,1188,False
2026-04-16,2026-04-16,18,Thursday,2026-04,human,53,True
2026-04-16,2026-04-16,18,Thursday,2026-04,assistant,1832,False
2026-04-16,2026-04-16,18,Thursday,2026-04,human,106,False
2026-04-16,2026-04-16,18,Thursday,2026-04,assistant,450,False
2026-04-16,2026-04-16,18,Thursday,2026-04,human,105,False
2026-04-16,2026-04-16,18,Thursday,2026-04,assistant,567,False
2026-04-16,2026-04-16,18,Thursday,2026-04,human,50,True
2026-04-16,2026-04-16,18,Thursday,2026-04,assistant,870,False
2026-04-16,2026-04-16,18,Thursday,2026-04,human,122,True
2026-04-16,2026-04-16,18,Thursday,2026-04,assistant,409,False
2026-04-17,2026-04-17,0,Friday,2026-04,human,295,False
2026-04-17,2026-04-17,0,Friday,2026-04,assistant,1339,False
2026-04-17,2026-04-17,0,Friday,2026-04,human,49,False
2026-04-17,2026-04-17,0,Friday,2026-04,assistant,1340,False
2026-04-19,2026-04-19,19,Sunday,2026-04,human,580,True
2026-04-19,2026-04-19,19,Sunday,2026-04,assistant,4551,False
2026-04-19,2026-04-19,19,Sunday,2026-04,human,43,False
2026-04-19,2026-04-19,19,Sunday,2026-04,assistant,3797,False
2026-04-19,2026-04-19,19,Sunday,2026-04,human,170,False
2026-04-19,2026-04-19,19,Sunday,2026-04,assistant,2744,False
2026-04-19,2026-04-19,19,Sunday,2026-04,human,253,False
2026-04-19,2026-04-19,19,Sunday,2026-04,assistant,3194,False
2026-04-19,2026-04-19,19,Sunday,2026-04,human,42,False
2026-04-19,2026-04-19,19,Sunday,2026-04,assistant,1316,False
2026-04-21,2026-04-21,1,Tuesday,2026-04,human,1814,False
2026-04-21,2026-04-21,1,Tuesday,2026-04,assistant,1335,False
2026-04-21,2026-04-21,1,Tuesday,2026-04,human,552,False
2026-04-21,2026-04-21,1,Tuesday,2026-04,assistant,988,False
2026-04-21,2026-04-21,1,Tuesday,2026-04,human,51,False
2026-04-21,2026-04-21,1,Tuesday,2026-04,assistant,458,False
2026-04-21,2026-04-21,1,Tuesday,2026-04,human,624,False
2026-04-21,2026-04-21,1,Tuesday,2026-04,assistant,64,False
2026-04-21,2026-04-21,17,Tuesday,2026-04,human,166,False
2026-04-21,2026-04-21,17,Tuesday,2026-04,assistant,2211,False
2026-04-21,2026-04-21,17,Tuesday,2026-04,human,161,False
2026-04-21,2026-04-21,17,Tuesday,2026-04,assistant,1510,False
2026-04-21,2026-04-21,22,Tuesday,2026-04,human,103,False
2026-04-21,2026-04-21,22,Tuesday,2026-04,assistant,1074,False
2026-04-21,2026-04-21,22,Tuesday,2026-04,human,62,False
2026-04-21,2026-04-21,22,Tuesday,2026-04,assistant,1429,False
2026-04-21,2026-04-21,22,Tuesday,2026-04,human,85,False
2026-04-21,2026-04-21,22,Tuesday,2026-04,assistant,4064,False
2026-04-21,2026-04-21,22,Tuesday,2026-04,human,177,False
2026-04-21,2026-04-21,22,Tuesday,2026-04,assistant,3518,False
2026-04-21,2026-04-21,22,Tuesday,2026-04,human,95,False
2026-04-21,2026-04-21,22,Tuesday,2026-04,assistant,3289,False
2026-04-21,2026-04-21,22,Tuesday,2026-04,human,67,False
2026-04-21,2026-04-21,22,Tuesday,2026-04,assistant,1323,False
2026-04-21,2026-04-21,23,Tuesday,2026-04,human,124,False
2026-04-21,2026-04-21,23,Tuesday,2026-04,assistant,1165,False
2026-04-21,2026-04-21,23,Tuesday,2026-04,human,8,False
2026-04-21,2026-04-21,23,Tuesday,2026-04,assistant,1013,False
2026-04-21,2026-04-21,23,Tuesday,2026-04,human,41,False
2026-04-21,2026-04-21,23,Tuesday,2026-04,assistant,789,False
2026-04-21,2026-04-21,23,Tuesday,2026-04,human,161,False
2026-04-21,2026-04-21,23,Tuesday,2026-04,assistant,1471,False
2026-04-21,2026-04-21,23,Tuesday,2026-04,human,72,False
2026-04-21,2026-04-21,23,Tuesday,2026-04,assistant,2085,False
2026-04-22,2026-04-22,19,Wednesday,2026-04,human,1224,False
2026-04-22,2026-04-22,19,Wednesday,2026-04,assistant,183,False
2026-04-22,2026-04-22,19,Wednesday,2026-04,human,109,False
2026-04-22,2026-04-22,19,Wednesday,2026-04,assistant,1435,False
2026-04-22,2026-04-22,23,Wednesday,2026-04,human,3184,False
2026-04-22,2026-04-22,23,Wednesday,2026-04,assistant,434,False
2026-04-22,2026-04-22,23,Wednesday,2026-04,human,19,False
2026-04-22,2026-04-22,23,Wednesday,2026-04,assistant,1375,True
2026-04-22,2026-04-22,23,Wednesday,2026-04,human,622,False
2026-04-22,2026-04-22,23,Wednesday,2026-04,assistant,327,False
2026-04-22,2026-04-22,23,Wednesday,2026-04,human,551,False
2026-04-22,2026-04-22,23,Wednesday,2026-04,assistant,252,False
2026-04-22,2026-04-22,23,Wednesday,2026-04,human,191,False
2026-04-22,2026-04-22,23,Wednesday,2026-04,assistant,1236,False
2026-04-22,2026-04-23,0,Thursday,2026-04,human,24,False
2026-04-22,2026-04-23,0,Thursday,2026-04,assistant,810,False
2026-04-22,2026-04-23,0,Thursday,2026-04,human,78,False
2026-04-22,2026-04-23,0,Thursday,2026-04,assistant,1695,False
2026-04-22,2026-04-23,0,Thursday,2026-04,human,228,False
2026-04-22,2026-04-23,0,Thursday,2026-04,assistant,745,False
2026-04-22,2026-04-23,0,Thursday,2026-04,assistant,807,False
2026-04-23,2026-04-23,18,Thursday,2026-04,human,1404,False
2026-04-23,2026-04-23,18,Thursday,2026-04,assistant,540,False
2026-04-23,2026-04-23,18,Thursday,2026-04,human,23,False
2026-04-23,2026-04-23,18,Thursday,2026-04,assistant,1208,True
2026-04-23,2026-04-23,18,Thursday,2026-04,human,200,False
2026-04-23,2026-04-23,18,Thursday,2026-04,assistant,1217,True
2026-04-23,2026-04-23,18,Thursday,2026-04,human,512,False
2026-04-23,2026-04-23,18,Thursday,2026-04,assistant,531,True
2026-04-23,2026-04-23,18,Thursday,2026-04,human,720,False
2026-04-23,2026-04-23,18,Thursday,2026-04,assistant,435,True
2026-04-23,2026-04-23,23,Thursday,2026-04,human,373,True
2026-04-23,2026-04-23,23,Thursday,2026-04,assistant,877,False
2026-04-23,2026-04-23,23,Thursday,2026-04,human,64,False
2026-04-23,2026-04-23,23,Thursday,2026-04,assistant,365,False
2026-04-23,2026-04-23,23,Thursday,2026-04,human,30,False
2026-04-23,2026-04-23,23,Thursday,2026-04,assistant,733,False
2026-04-23,2026-04-23,23,Thursday,2026-04,human,90,False
2026-04-23,2026-04-23,23,Thursday,2026-04,assistant,1285,True
2026-04-24,2026-04-24,19,Friday,2026-04,human,218,False
2026-04-24,2026-04-24,19,Friday,2026-04,assistant,608,False
2026-04-24,2026-04-24,19,Friday,2026-04,human,54,False
2026-04-24,2026-04-24,19,Friday,2026-04,assistant,1299,True
2026-04-24,2026-04-24,19,Friday,2026-04,human,706,False
2026-04-24,2026-04-24,19,Friday,2026-04,assistant,721,True
2026-04-25,2026-04-25,13,Saturday,2026-04,human,190,False
2026-04-25,2026-04-25,13,Saturday,2026-04,assistant,4190,False
2026-04-25,2026-04-25,13,Saturday,2026-04,human,315,False
2026-04-25,2026-04-25,13,Saturday,2026-04,assistant,4073,False
2026-04-25,2026-04-25,13,Saturday,2026-04,human,98,False
2026-04-25,2026-04-25,13,Saturday,2026-04,assistant,559,False
2026-04-25,2026-04-25,16,Saturday,2026-04,human,98,False
2026-04-25,2026-04-25,16,Saturday,2026-04,assistant,1930,False
2026-04-27,2026-04-27,18,Monday,2026-04,human,204,False
2026-04-27,2026-04-27,18,Monday,2026-04,assistant,3308,False
2026-04-27,2026-04-27,19,Monday,2026-04,human,106,False
2026-04-27,2026-04-27,19,Monday,2026-04,assistant,465,False
2026-04-27,2026-04-27,19,Monday,2026-04,human,50,False
2026-04-27,2026-04-27,19,Monday,2026-04,assistant,3237,True
2026-04-27,2026-04-27,19,Monday,2026-04,human,634,False
2026-04-27,2026-04-27,19,Monday,2026-04,assistant,1025,True
2026-04-27,2026-04-27,19,Monday,2026-04,human,82,False
2026-04-27,2026-04-27,19,Monday,2026-04,assistant,297,False
2026-04-27,2026-04-27,19,Monday,2026-04,human,1000,False
2026-04-27,2026-04-27,19,Monday,2026-04,assistant,317,False
2026-04-28,2026-04-28,1,Tuesday,2026-04,human,3177,False
2026-04-28,2026-04-28,1,Tuesday,2026-04,assistant,599,False
2026-04-28,2026-04-28,1,Tuesday,2026-04,human,19,False
2026-04-28,2026-04-28,1,Tuesday,2026-04,assistant,1366,True
2026-04-28,2026-04-28,1,Tuesday,2026-04,human,748,False
2026-04-28,2026-04-28,1,Tuesday,2026-04,assistant,489,True
2026-04-28,2026-04-28,23,Tuesday,2026-04,human,97,False
2026-04-28,2026-04-28,23,Tuesday,2026-04,assistant,784,False
2026-04-28,2026-04-28,23,Tuesday,2026-04,human,126,False
2026-04-28,2026-04-28,23,Tuesday,2026-04,assistant,1031,False
2026-04-29,2026-04-29,19,Wednesday,2026-04,human,1990,False
2026-04-29,2026-04-29,19,Wednesday,2026-04,assistant,2787,False
2026-04-29,2026-04-29,19,Wednesday,2026-04,human,1207,False
2026-04-29,2026-04-29,19,Wednesday,2026-04,assistant,1391,False
2026-04-29,2026-04-29,19,Wednesday,2026-04,human,31,False
2026-04-29,2026-04-29,19,Wednesday,2026-04,assistant,1376,False
2026-04-29,2026-04-29,19,Wednesday,2026-04,human,482,False
2026-04-29,2026-04-29,19,Wednesday,2026-04,assistant,1450,False
2026-04-29,2026-04-29,19,Wednesday,2026-04,human,79,False
2026-04-29,2026-04-29,19,Wednesday,2026-04,assistant,846,False
2026-04-29,2026-04-29,19,Wednesday,2026-04,human,214,False
2026-04-29,2026-04-29,19,Wednesday,2026-04,assistant,563,False
2026-04-29,2026-04-29,23,Wednesday,2026-04,human,153,True
2026-04-29,2026-04-29,23,Wednesday,2026-04,assistant,290,False
2026-04-29,2026-04-29,23,Wednesday,2026-04,human,447,False
2026-04-29,2026-04-29,23,Wednesday,2026-04,assistant,1175,False
2026-04-29,2026-04-29,23,Wednesday,2026-04,human,106,False
2026-04-29,2026-04-29,23,Wednesday,2026-04,assistant,607,False
2026-04-29,2026-04-29,23,Wednesday,2026-04,human,416,False
2026-04-29,2026-04-29,23,Wednesday,2026-04,assistant,679,False
2026-04-29,2026-04-29,23,Wednesday,2026-04,human,447,False
2026-04-29,2026-04-29,23,Wednesday,2026-04,assistant,806,False
2026-04-29,2026-04-29,23,Wednesday,2026-04,human,284,False
2026-04-29,2026-04-29,23,Wednesday,2026-04,assistant,785,False
2026-04-29,2026-04-29,23,Wednesday,2026-04,human,271,False
2026-04-29,2026-04-29,23,Wednesday,2026-04,assistant,789,False
2026-04-29,2026-04-29,23,Wednesday,2026-04,human,134,False
2026-04-29,2026-04-29,23,Wednesday,2026-04,assistant,341,False
2026-04-29,2026-04-29,23,Wednesday,2026-04,human,135,False
2026-04-29,2026-04-29,23,Wednesday,2026-04,assistant,615,False
2026-04-29,2026-04-29,23,Wednesday,2026-04,human,18,False
2026-04-29,2026-04-29,23,Wednesday,2026-04,assistant,831,False
2026-04-29,2026-04-29,23,Wednesday,2026-04,human,98,False
2026-04-29,2026-04-29,23,Wednesday,2026-04,assistant,962,False
2026-04-29,2026-04-29,23,Wednesday,2026-04,human,209,False
2026-04-29,2026-04-29,23,Wednesday,2026-04,assistant,882,False
2026-04-29,2026-04-29,23,Wednesday,2026-04,human,143,False
2026-04-29,2026-04-29,23,Wednesday,2026-04,assistant,749,False
2026-04-29,2026-04-29,23,Wednesday,2026-04,human,170,False
2026-04-29,2026-04-29,23,Wednesday,2026-04,assistant,869,False
2026-04-29,2026-04-29,23,Wednesday,2026-04,human,226,False
2026-04-29,2026-04-29,23,Wednesday,2026-04,assistant,535,False
2026-04-29,2026-05-01,14,Friday,2026-05,human,175,False
2026-04-29,2026-05-01,14,Friday,2026-05,assistant,858,False
2026-04-29,2026-05-01,14,Friday,2026-05,human,77,False
2026-04-29,2026-05-01,14,Friday,2026-05,assistant,1069,False
2026-04-29,2026-05-01,14,Friday,2026-05,human,20,False
2026-04-29,2026-05-01,14,Friday,2026-05,assistant,1251,False
2026-04-29,2026-05-01,14,Friday,2026-05,human,116,False
2026-04-29,2026-05-01,14,Friday,2026-05,assistant,688,False
2026-04-29,2026-05-01,14,Friday,2026-05,human,117,False
2026-04-29,2026-05-01,14,Friday,2026-05,assistant,588,False
2026-04-29,2026-05-01,14,Friday,2026-05,human,204,False
2026-04-29,2026-05-01,14,Friday,2026-05,assistant,749,False
2026-04-29,2026-05-01,14,Friday,2026-05,human,123,False
2026-04-29,2026-05-01,14,Friday,2026-05,assistant,730,False
2026-04-29,2026-05-01,14,Friday,2026-05,human,134,False
2026-04-29,2026-05-01,14,Friday,2026-05,assistant,839,False
2026-04-29,2026-05-01,14,Friday,2026-05,human,166,False
2026-04-29,2026-05-01,14,Friday,2026-05,assistant,1011,False
2026-04-29,2026-05-01,14,Friday,2026-05,human,57,False
2026-04-29,2026-05-01,14,Friday,2026-05,assistant,716,False
2026-04-29,2026-05-01,14,Friday,2026-05,human,430,False
2026-04-29,2026-05-01,14,Friday,2026-05,assistant,1054,False
2026-04-29,2026-05-01,14,Friday,2026-05,human,205,False
2026-04-29,2026-05-01,14,Friday,2026-05,assistant,752,False
2026-04-30,2026-04-30,15,Thursday,2026-04,human,183,False
2026-04-30,2026-04-30,15,Thursday,2026-04,assistant,3510,False
2026-04-30,2026-04-30,15,Thursday,2026-04,human,180,False
2026-04-30,2026-04-30,15,Thursday,2026-04,assistant,3293,False
2026-04-30,2026-04-30,19,Thursday,2026-04,human,75,False
2026-04-30,2026-04-30,19,Thursday,2026-04,assistant,495,False
2026-04-30,2026-04-30,19,Thursday,2026-04,human,53,False
2026-04-30,2026-04-30,19,Thursday,2026-04,assistant,3526,False
2026-04-30,2026-04-30,19,Thursday,2026-04,human,69,True
2026-04-30,2026-04-30,19,Thursday,2026-04,assistant,608,False
2026-04-30,2026-04-30,19,Thursday,2026-04,human,165,False
2026-04-30,2026-04-30,19,Thursday,2026-04,assistant,541,False
2026-04-30,2026-04-30,21,Thursday,2026-04,human,27,True
2026-04-30,2026-04-30,21,Thursday,2026-04,assistant,3149,False
2026-05-04,2026-05-04,15,Monday,2026-05,human,126,False
2026-05-04,2026-05-04,15,Monday,2026-05,assistant,1412,False
2026-05-04,2026-05-04,15,Monday,2026-05,human,82,False
2026-05-04,2026-05-04,15,Monday,2026-05,assistant,1212,False
2026-05-04,2026-05-04,23,Monday,2026-05,human,1418,False
2026-05-04,2026-05-04,23,Monday,2026-05,assistant,2369,False
2026-05-04,2026-05-04,23,Monday,2026-05,human,5,False
2026-05-04,2026-05-04,23,Monday,2026-05,assistant,2226,False
2026-05-04,2026-05-04,23,Monday,2026-05,human,12,False
2026-05-04,2026-05-04,23,Monday,2026-05,assistant,2087,False
2026-05-04,2026-05-04,23,Monday,2026-05,human,160,False
2026-05-04,2026-05-04,23,Monday,2026-05,assistant,1846,False
2026-05-04,2026-05-04,23,Monday,2026-05,human,33,False
2026-05-04,2026-05-04,23,Monday,2026-05,assistant,808,False
2026-05-05,2026-05-05,21,Tuesday,2026-05,human,268,False
2026-05-05,2026-05-05,21,Tuesday,2026-05,assistant,536,False
2026-05-05,2026-05-05,22,Tuesday,2026-05,human,4650,True
2026-05-05,2026-05-05,22,Tuesday,2026-05,assistant,2118,False
2026-05-05,2026-05-05,22,Tuesday,2026-05,human,743,False
2026-05-05,2026-05-05,22,Tuesday,2026-05,assistant,1863,False
2026-05-05,2026-05-05,23,Tuesday,2026-05,human,806,False
2026-05-05,2026-05-05,23,Tuesday,2026-05,assistant,1176,False
2026-05-05,2026-05-05,22,Tuesday,2026-05,human,3624,False
2026-05-05,2026-05-05,22,Tuesday,2026-05,assistant,631,False
2026-05-05,2026-05-05,22,Tuesday,2026-05,human,41,False
2026-05-05,2026-05-05,22,Tuesday,2026-05,assistant,1005,False
2026-05-05,2026-05-05,23,Tuesday,2026-05,human,3610,False
2026-05-05,2026-05-05,23,Tuesday,2026-05,assistant,385,False
2026-05-05,2026-05-05,23,Tuesday,2026-05,human,42,False
2026-05-05,2026-05-05,23,Tuesday,2026-05,assistant,1303,False
2026-05-06,2026-05-06,13,Wednesday,2026-05,human,3619,False
2026-05-06,2026-05-06,13,Wednesday,2026-05,assistant,620,False
2026-05-06,2026-05-06,13,Wednesday,2026-05,human,60,False
2026-05-06,2026-05-06,13,Wednesday,2026-05,assistant,77,False
2026-05-06,2026-05-06,13,Wednesday,2026-05,human,46,False
2026-05-06,2026-05-06,13,Wednesday,2026-05,assistant,1973,True
2026-05-07,2026-05-07,13,Thursday,2026-05,human,938,False
2026-05-07,2026-05-07,13,Thursday,2026-05,assistant,1126,False
2026-05-07,2026-05-07,13,Thursday,2026-05,human,1120,False
2026-05-07,2026-05-07,13,Thursday,2026-05,assistant,1395,False
2026-05-07,2026-05-07,14,Thursday,2026-05,human,960,False
2026-05-07,2026-05-07,14,Thursday,2026-05,assistant,1283,False
2026-05-07,2026-05-07,14,Thursday,2026-05,human,1388,False
2026-05-07,2026-05-07,14,Thursday,2026-05,assistant,67,False
2026-05-07,2026-05-07,21,Thursday,2026-05,human,3620,False
2026-05-07,2026-05-07,21,Thursday,2026-05,assistant,703,False
2026-05-07,2026-05-07,21,Thursday,2026-05,human,46,False
2026-05-07,2026-05-07,21,Thursday,2026-05,assistant,7524,True
2026-05-07,2026-05-07,21,Thursday,2026-05,human,72,False
2026-05-07,2026-05-07,21,Thursday,2026-05,assistant,1365,True
2026-05-07,2026-05-07,21,Thursday,2026-05,human,159,False
2026-05-07,2026-05-07,21,Thursday,2026-05,assistant,685,False
2026-05-07,2026-05-07,21,Thursday,2026-05,human,91,False
2026-05-07,2026-05-07,21,Thursday,2026-05,assistant,496,False
2026-05-07,2026-05-07,22,Thursday,2026-05,human,679,False
2026-05-07,2026-05-07,22,Thursday,2026-05,assistant,1807,False
2026-05-07,2026-05-07,22,Thursday,2026-05,human,241,False
2026-05-07,2026-05-07,22,Thursday,2026-05,assistant,1297,False
2026-05-07,2026-05-07,22,Thursday,2026-05,human,109,False
2026-05-07,2026-05-07,22,Thursday,2026-05,assistant,318,False
2026-05-07,2026-05-07,22,Thursday,2026-05,human,1000,False
2026-05-07,2026-05-07,22,Thursday,2026-05,assistant,466,False
2026-05-07,2026-05-07,22,Thursday,2026-05,human,42,False
2026-05-07,2026-05-07,22,Thursday,2026-05,assistant,5385,True
2026-05-07,2026-05-07,22,Thursday,2026-05,human,9,False
2026-05-07,2026-05-07,22,Thursday,2026-05,assistant,4261,True
2026-05-07,2026-05-07,22,Thursday,2026-05,human,414,True
2026-05-07,2026-05-07,22,Thursday,2026-05,assistant,1612,False
2026-05-07,2026-05-07,22,Thursday,2026-05,human,141,False
2026-05-07,2026-05-07,22,Thursday,2026-05,assistant,660,False
2026-05-07,2026-05-07,22,Thursday,2026-05,human,42,False
2026-05-07,2026-05-07,22,Thursday,2026-05,assistant,156,False
2026-05-07,2026-05-07,22,Thursday,2026-05,human,4127,False
2026-05-07,2026-05-07,22,Thursday,2026-05,assistant,1635,False
2026-05-07,2026-05-07,22,Thursday,2026-05,human,87,False
2026-05-07,2026-05-07,22,Thursday,2026-05,assistant,2028,False
2026-05-07,2026-05-07,22,Thursday,2026-05,human,525,False
2026-05-07,2026-05-07,22,Thursday,2026-05,assistant,284,False
2026-05-07,2026-05-07,23,Thursday,2026-05,human,164,True
2026-05-07,2026-05-07,23,Thursday,2026-05,assistant,3130,False
2026-05-07,2026-05-07,23,Thursday,2026-05,human,154,False
2026-05-07,2026-05-07,23,Thursday,2026-05,assistant,910,False
2026-05-07,2026-05-07,23,Thursday,2026-05,human,261,False
2026-05-07,2026-05-07,23,Thursday,2026-05,assistant,1145,False
2026-05-07,2026-05-07,23,Thursday,2026-05,human,61,False
2026-05-07,2026-05-07,23,Thursday,2026-05,assistant,937,False
2026-05-07,2026-05-07,23,Thursday,2026-05,human,59,False
2026-05-07,2026-05-07,23,Thursday,2026-05,assistant,999,False
2026-05-07,2026-05-07,23,Thursday,2026-05,human,150,False
2026-05-07,2026-05-07,23,Thursday,2026-05,assistant,270,False
2026-05-07,2026-05-07,23,Thursday,2026-05,human,159,False
2026-05-07,2026-05-07,23,Thursday,2026-05,assistant,1078,False
2026-05-07,2026-05-07,23,Thursday,2026-05,human,116,False
2026-05-07,2026-05-07,23,Thursday,2026-05,assistant,886,False
2026-05-07,2026-05-07,23,Thursday,2026-05,human,505,False
2026-05-07,2026-05-07,23,Thursday,2026-05,assistant,698,False
2026-05-07,2026-05-08,0,Friday,2026-05,human,64,False
2026-05-07,2026-05-08,0,Friday,2026-05,assistant,1011,False
2026-05-07,2026-05-08,0,Friday,2026-05,human,55,False
2026-05-07,2026-05-08,0,Friday,2026-05,assistant,1094,False
2026-05-08,2026-05-08,2,Friday,2026-05,human,4769,False
2026-05-08,2026-05-08,2,Friday,2026-05,assistant,1999,False
2026-05-08,2026-05-08,2,Friday,2026-05,human,22,False
2026-05-08,2026-05-08,2,Friday,2026-05,assistant,79,False
2026-05-08,2026-05-08,21,Friday,2026-05,human,248,True
2026-05-08,2026-05-08,21,Friday,2026-05,assistant,1801,False
2026-05-08,2026-05-08,21,Friday,2026-05,human,15,True
2026-05-08,2026-05-08,21,Friday,2026-05,assistant,1185,False
2026-05-09,2026-05-09,13,Saturday,2026-05,human,2094,True
2026-05-09,2026-05-09,13,Saturday,2026-05,assistant,1787,False
2026-05-09,2026-05-09,13,Saturday,2026-05,human,142,False
2026-05-09,2026-05-09,13,Saturday,2026-05,assistant,131,False
2026-05-09,2026-05-09,13,Saturday,2026-05,human,115,False
2026-05-09,2026-05-09,13,Saturday,2026-05,assistant,652,False
2026-05-09,2026-05-09,13,Saturday,2026-05,human,30,False
2026-05-09,2026-05-09,13,Saturday,2026-05,assistant,988,False
2026-05-09,2026-05-09,14,Saturday,2026-05,assistant,873,False
2026-05-09,2026-05-09,14,Saturday,2026-05,human,211,True
2026-05-09,2026-05-09,14,Saturday,2026-05,assistant,5184,False
2026-05-09,2026-05-09,20,Saturday,2026-05,human,1836,False
2026-05-09,2026-05-09,20,Saturday,2026-05,assistant,1188,False
2026-05-09,2026-05-09,20,Saturday,2026-05,human,18,False
2026-05-09,2026-05-09,20,Saturday,2026-05,assistant,5879,False
2026-05-09,2026-05-09,20,Saturday,2026-05,human,217,True
2026-05-09,2026-05-09,20,Saturday,2026-05,assistant,7164,False
2026-05-09,2026-05-09,20,Saturday,2026-05,human,177,False
2026-05-09,2026-05-09,20,Saturday,2026-05,assistant,6170,False
2026-05-09,2026-05-09,20,Saturday,2026-05,human,124,False
2026-05-09,2026-05-09,20,Saturday,2026-05,assistant,1342,False
2026-05-09,2026-05-09,20,Saturday,2026-05,human,23,False
2026-05-09,2026-05-09,20,Saturday,2026-05,assistant,5163,False
2026-05-09,2026-05-09,20,Saturday,2026-05,human,374,False
2026-05-09,2026-05-09,21,Saturday,2026-05,assistant,4165,False
2026-05-09,2026-05-09,21,Saturday,2026-05,human,336,False
2026-05-09,2026-05-09,21,Saturday,2026-05,assistant,4701,False
2026-05-10,2026-05-10,18,Sunday,2026-05,human,382,True
2026-05-10,2026-05-10,18,Sunday,2026-05,assistant,1036,False
2026-05-10,2026-05-12,0,Tuesday,2026-05,human,159,False
2026-05-10,2026-05-12,0,Tuesday,2026-05,assistant,27,False
2026-05-10,2026-05-12,0,Tuesday,2026-05,human,0,True
2026-05-10,2026-05-12,0,Tuesday,2026-05,assistant,680,False
2026-05-10,2026-05-12,1,Tuesday,2026-05,human,1204,True
2026-05-10,2026-05-12,1,Tuesday,2026-05,assistant,2077,False
2026-05-11,2026-05-11,19,Monday,2026-05,human,309,True
2026-05-11,2026-05-11,19,Monday,2026-05,assistant,1152,False
2026-05-11,2026-05-11,19,Monday,2026-05,human,50,False
2026-05-11,2026-05-11,19,Monday,2026-05,assistant,918,False
2026-05-11,2026-05-11,19,Monday,2026-05,human,86,False
2026-05-11,2026-05-11,19,Monday,2026-05,assistant,1001,False
2026-05-11,2026-05-11,19,Monday,2026-05,human,107,False
2026-05-11,2026-05-11,19,Monday,2026-05,assistant,915,False
2026-05-11,2026-05-11,19,Monday,2026-05,human,61,False
2026-05-11,2026-05-11,19,Monday,2026-05,assistant,431,False
2026-05-11,2026-05-11,20,Monday,2026-05,human,200,False
2026-05-11,2026-05-11,20,Monday,2026-05,assistant,1176,False
2026-05-11,2026-05-11,20,Monday,2026-05,human,87,False
2026-05-11,2026-05-11,20,Monday,2026-05,assistant,862,False
2026-05-11,2026-05-11,20,Monday,2026-05,human,41,False
2026-05-11,2026-05-11,20,Monday,2026-05,assistant,589,False
2026-05-11,2026-05-11,20,Monday,2026-05,human,112,False
2026-05-11,2026-05-11,20,Monday,2026-05,assistant,1591,False
2026-05-11,2026-05-11,20,Monday,2026-05,human,92,False
2026-05-11,2026-05-11,20,Monday,2026-05,assistant,1229,False
2026-05-11,2026-05-11,20,Monday,2026-05,human,197,False
2026-05-11,2026-05-11,20,Monday,2026-05,assistant,1632,False
2026-05-11,2026-05-11,20,Monday,2026-05,human,108,False
2026-05-11,2026-05-11,20,Monday,2026-05,assistant,997,False
2026-05-11,2026-05-15,23,Friday,2026-05,human,178,False
2026-05-11,2026-05-15,23,Friday,2026-05,assistant,1419,False
2026-05-11,2026-05-15,23,Friday,2026-05,human,106,False
2026-05-11,2026-05-15,23,Friday,2026-05,assistant,1447,False
2026-05-11,2026-05-15,23,Friday,2026-05,human,103,False
2026-05-11,2026-05-15,23,Friday,2026-05,assistant,1817,False
2026-05-11,2026-05-15,23,Friday,2026-05,human,48,False
2026-05-11,2026-05-15,23,Friday,2026-05,assistant,852,False
2026-05-11,2026-05-15,23,Friday,2026-05,human,70,False
2026-05-11,2026-05-15,23,Friday,2026-05,assistant,1898,False
2026-05-11,2026-05-15,23,Friday,2026-05,human,100,False
2026-05-11,2026-05-15,23,Friday,2026-05,assistant,942,False
2026-05-11,2026-05-16,13,Saturday,2026-05,human,96,False
2026-05-11,2026-05-16,13,Saturday,2026-05,assistant,1308,False
2026-05-11,2026-05-16,13,Saturday,2026-05,human,26,False
2026-05-11,2026-05-16,13,Saturday,2026-05,assistant,1437,False
2026-05-11,2026-05-16,13,Saturday,2026-05,human,86,False
2026-05-11,2026-05-16,13,Saturday,2026-05,assistant,1228,False
2026-05-11,2026-05-16,13,Saturday,2026-05,human,57,False
2026-05-11,2026-05-16,13,Saturday,2026-05,assistant,761,False
2026-05-11,2026-05-16,13,Saturday,2026-05,human,82,False
2026-05-11,2026-05-16,13,Saturday,2026-05,assistant,1877,False
2026-05-11,2026-05-16,13,Saturday,2026-05,human,131,False
2026-05-11,2026-05-16,13,Saturday,2026-05,assistant,1834,False
2026-05-11,2026-05-16,13,Saturday,2026-05,human,46,False
2026-05-11,2026-05-16,13,Saturday,2026-05,assistant,1085,False
2026-05-11,2026-05-16,13,Saturday,2026-05,human,107,False
2026-05-11,2026-05-16,13,Saturday,2026-05,assistant,2143,False
2026-05-11,2026-05-16,13,Saturday,2026-05,human,79,True
2026-05-11,2026-05-16,13,Saturday,2026-05,assistant,1049,False
2026-05-11,2026-05-16,13,Saturday,2026-05,human,81,False
2026-05-11,2026-05-16,13,Saturday,2026-05,assistant,1340,False
2026-05-11,2026-05-16,13,Saturday,2026-05,human,121,False
2026-05-11,2026-05-16,13,Saturday,2026-05,assistant,1287,False
2026-05-11,2026-05-16,13,Saturday,2026-05,human,110,False
2026-05-11,2026-05-16,13,Saturday,2026-05,assistant,91,False
2026-05-11,2026-05-11,20,Monday,2026-05,human,425,False
2026-05-11,2026-05-11,20,Monday,2026-05,assistant,5521,False
2026-05-11,2026-05-11,20,Monday,2026-05,human,117,False
2026-05-11,2026-05-11,20,Monday,2026-05,assistant,1537,False
2026-05-12,2026-05-12,18,Tuesday,2026-05,human,326,True
2026-05-12,2026-05-12,18,Tuesday,2026-05,assistant,2524,False
2026-05-12,2026-05-12,18,Tuesday,2026-05,human,163,False
2026-05-12,2026-05-12,18,Tuesday,2026-05,assistant,6783,False
2026-05-12,2026-05-12,21,Tuesday,2026-05,human,2504,False
2026-05-12,2026-05-12,21,Tuesday,2026-05,assistant,1417,False
2026-05-12,2026-05-12,21,Tuesday,2026-05,human,202,False
2026-05-12,2026-05-12,21,Tuesday,2026-05,assistant,1882,True
2026-05-12,2026-05-12,21,Tuesday,2026-05,human,824,False
2026-05-12,2026-05-12,21,Tuesday,2026-05,assistant,913,True
2026-05-12,2026-05-12,21,Tuesday,2026-05,human,1414,False
2026-05-12,2026-05-12,21,Tuesday,2026-05,assistant,1846,True
2026-05-12,2026-05-12,21,Tuesday,2026-05,human,118,False
2026-05-12,2026-05-12,21,Tuesday,2026-05,assistant,1021,True
2026-05-12,2026-05-12,21,Tuesday,2026-05,human,101,False
2026-05-12,2026-05-12,21,Tuesday,2026-05,assistant,424,True
2026-05-12,2026-06-04,20,Thursday,2026-06,human,729,False
2026-05-12,2026-06-04,21,Thursday,2026-06,assistant,626,True
2026-05-12,2026-06-04,21,Thursday,2026-06,human,712,False
2026-05-12,2026-06-04,21,Thursday,2026-06,assistant,378,True
2026-05-12,2026-05-12,21,Tuesday,2026-05,human,1829,False
2026-05-12,2026-05-12,21,Tuesday,2026-05,assistant,1886,False
2026-05-12,2026-05-12,21,Tuesday,2026-05,human,34,False
2026-05-12,2026-05-12,21,Tuesday,2026-05,assistant,143,False
2026-05-12,2026-05-12,21,Tuesday,2026-05,human,98,False
2026-05-12,2026-05-12,21,Tuesday,2026-05,assistant,316,False
2026-05-12,2026-05-12,21,Tuesday,2026-05,human,64,True
2026-05-12,2026-05-12,21,Tuesday,2026-05,assistant,860,False
2026-05-12,2026-05-12,23,Tuesday,2026-05,human,162,True
2026-05-12,2026-05-12,23,Tuesday,2026-05,assistant,1983,False
2026-05-12,2026-05-12,23,Tuesday,2026-05,human,333,False
2026-05-12,2026-05-12,23,Tuesday,2026-05,assistant,2619,False
2026-05-12,2026-05-12,23,Tuesday,2026-05,human,101,False
2026-05-12,2026-05-12,23,Tuesday,2026-05,assistant,2440,False
2026-05-12,2026-05-12,23,Tuesday,2026-05,human,115,False
2026-05-12,2026-05-12,23,Tuesday,2026-05,assistant,1124,False
2026-05-12,2026-05-12,23,Tuesday,2026-05,human,59,False
2026-05-12,2026-05-12,23,Tuesday,2026-05,assistant,2123,False
2026-05-12,2026-05-12,23,Tuesday,2026-05,human,114,False
2026-05-12,2026-05-12,23,Tuesday,2026-05,assistant,1350,False
2026-05-12,2026-05-12,23,Tuesday,2026-05,human,162,False
2026-05-12,2026-05-12,23,Tuesday,2026-05,assistant,1375,False
2026-05-12,2026-05-12,23,Tuesday,2026-05,human,54,False
2026-05-12,2026-05-12,23,Tuesday,2026-05,assistant,897,False
2026-05-12,2026-05-12,23,Tuesday,2026-05,human,72,False
2026-05-12,2026-05-12,23,Tuesday,2026-05,assistant,954,False
2026-05-12,2026-05-12,23,Tuesday,2026-05,human,45,False
2026-05-12,2026-05-12,23,Tuesday,2026-05,assistant,1000,False
2026-05-12,2026-05-13,0,Wednesday,2026-05,human,368,False
2026-05-12,2026-05-13,0,Wednesday,2026-05,assistant,1348,False
2026-05-12,2026-05-13,0,Wednesday,2026-05,human,135,False
2026-05-12,2026-05-13,0,Wednesday,2026-05,assistant,1137,False
2026-05-12,2026-05-13,0,Wednesday,2026-05,human,130,False
2026-05-12,2026-05-13,0,Wednesday,2026-05,assistant,1065,False
2026-05-12,2026-05-13,0,Wednesday,2026-05,human,62,False
2026-05-12,2026-05-13,0,Wednesday,2026-05,assistant,704,False
2026-05-12,2026-05-14,1,Thursday,2026-05,human,196,False
2026-05-12,2026-05-14,1,Thursday,2026-05,assistant,1108,False
2026-05-12,2026-05-14,2,Thursday,2026-05,human,545,False
2026-05-12,2026-05-14,2,Thursday,2026-05,assistant,1211,False
2026-05-12,2026-05-18,23,Monday,2026-05,human,340,False
2026-05-12,2026-05-18,23,Monday,2026-05,assistant,1286,False
2026-05-12,2026-05-18,23,Monday,2026-05,human,70,True
2026-05-12,2026-05-18,23,Monday,2026-05,assistant,1043,False
2026-05-12,2026-05-18,23,Monday,2026-05,human,41,False
2026-05-12,2026-05-18,23,Monday,2026-05,assistant,306,False
2026-05-12,2026-05-18,23,Monday,2026-05,human,54,False
2026-05-12,2026-05-18,23,Monday,2026-05,assistant,1079,False
2026-05-12,2026-05-18,23,Monday,2026-05,human,137,False
2026-05-12,2026-05-18,23,Monday,2026-05,assistant,738,False
2026-05-12,2026-05-18,23,Monday,2026-05,human,62,False
2026-05-12,2026-05-18,23,Monday,2026-05,assistant,863,False
2026-05-12,2026-05-18,23,Monday,2026-05,human,81,False
2026-05-12,2026-05-18,23,Monday,2026-05,assistant,973,False
2026-05-12,2026-05-18,23,Monday,2026-05,human,63,False
2026-05-12,2026-05-18,23,Monday,2026-05,assistant,472,False
2026-05-12,2026-05-18,23,Monday,2026-05,human,47,False
2026-05-12,2026-05-18,23,Monday,2026-05,assistant,177,False
2026-05-12,2026-05-18,23,Monday,2026-05,human,148,False
2026-05-12,2026-05-18,23,Monday,2026-05,assistant,317,False
2026-05-12,2026-05-18,23,Monday,2026-05,human,104,False
2026-05-12,2026-05-18,23,Monday,2026-05,assistant,1061,False
2026-05-12,2026-05-18,23,Monday,2026-05,human,103,False
2026-05-12,2026-05-18,23,Monday,2026-05,assistant,905,False
2026-05-12,2026-05-18,23,Monday,2026-05,human,1277,False
2026-05-12,2026-05-18,23,Monday,2026-05,assistant,1351,False
2026-05-14,2026-05-14,1,Thursday,2026-05,human,484,False
2026-05-14,2026-05-14,1,Thursday,2026-05,assistant,1535,False
2026-05-14,2026-05-14,22,Thursday,2026-05,human,307,False
2026-05-14,2026-05-14,22,Thursday,2026-05,assistant,3056,False
2026-05-14,2026-05-14,22,Thursday,2026-05,human,86,False
2026-05-14,2026-05-14,22,Thursday,2026-05,assistant,1438,False
2026-05-14,2026-05-14,22,Thursday,2026-05,human,119,True
2026-05-14,2026-05-14,22,Thursday,2026-05,assistant,1675,False
2026-05-14,2026-05-14,22,Thursday,2026-05,human,109,True
2026-05-14,2026-05-14,22,Thursday,2026-05,assistant,1351,False
2026-05-14,2026-05-14,22,Thursday,2026-05,human,87,False
2026-05-14,2026-05-14,22,Thursday,2026-05,assistant,1317,False
2026-05-14,2026-05-18,15,Monday,2026-05,human,83,False
2026-05-14,2026-05-18,15,Monday,2026-05,assistant,981,False
2026-05-14,2026-05-14,22,Thursday,2026-05,human,86,False
2026-05-14,2026-05-14,22,Thursday,2026-05,assistant,3298,False
2026-05-15,2026-05-15,19,Friday,2026-05,human,1498,True
2026-05-15,2026-05-15,19,Friday,2026-05,assistant,8879,True
2026-05-15,2026-05-15,19,Friday,2026-05,human,9,False
2026-05-15,2026-05-15,19,Friday,2026-05,assistant,3554,True
2026-05-15,2026-05-15,19,Friday,2026-05,human,251,False
2026-05-15,2026-05-15,19,Friday,2026-05,assistant,689,True
2026-05-16,2026-05-16,19,Saturday,2026-05,human,2811,False
2026-05-16,2026-05-16,19,Saturday,2026-05,assistant,721,False
2026-05-16,2026-05-16,19,Saturday,2026-05,human,741,False
2026-05-16,2026-05-16,19,Saturday,2026-05,assistant,1569,True
2026-05-16,2026-05-16,19,Saturday,2026-05,human,129,False
2026-05-16,2026-05-16,19,Saturday,2026-05,assistant,4703,True
2026-05-16,2026-05-16,19,Saturday,2026-05,human,92,False
2026-05-16,2026-05-16,19,Saturday,2026-05,assistant,8943,True
2026-05-16,2026-05-16,19,Saturday,2026-05,human,148,True
2026-05-16,2026-05-16,19,Saturday,2026-05,assistant,4725,True
2026-05-16,2026-05-16,19,Saturday,2026-05,human,2727,False
2026-05-16,2026-05-16,19,Saturday,2026-05,assistant,674,False
2026-05-16,2026-05-16,19,Saturday,2026-05,human,78,False
2026-05-16,2026-05-16,19,Saturday,2026-05,assistant,1586,False
2026-05-16,2026-05-16,19,Saturday,2026-05,human,236,True
2026-05-16,2026-05-16,19,Saturday,2026-05,assistant,3748,False
2026-05-16,2026-05-16,19,Saturday,2026-05,human,4,False
2026-05-16,2026-05-16,19,Saturday,2026-05,assistant,3357,False
2026-05-16,2026-05-16,19,Saturday,2026-05,human,96,False
2026-05-16,2026-05-16,19,Saturday,2026-05,assistant,757,False
2026-05-16,2026-05-21,21,Thursday,2026-05,human,0,True
2026-05-16,2026-05-21,21,Thursday,2026-05,assistant,1007,False
2026-05-16,2026-05-21,21,Thursday,2026-05,human,287,False
2026-05-16,2026-05-21,21,Thursday,2026-05,assistant,965,False
2026-05-16,2026-05-21,21,Thursday,2026-05,human,103,False
2026-05-16,2026-05-21,21,Thursday,2026-05,assistant,1036,False
2026-05-16,2026-05-21,21,Thursday,2026-05,human,102,False
2026-05-16,2026-05-21,21,Thursday,2026-05,assistant,1370,False
2026-05-16,2026-05-21,21,Thursday,2026-05,human,32,True
2026-05-16,2026-05-21,21,Thursday,2026-05,assistant,619,False
2026-05-16,2026-05-21,21,Thursday,2026-05,human,147,False
2026-05-16,2026-05-21,21,Thursday,2026-05,assistant,1172,False
2026-05-16,2026-05-21,21,Thursday,2026-05,human,203,False
2026-05-16,2026-05-21,21,Thursday,2026-05,assistant,798,False
2026-05-16,2026-05-21,21,Thursday,2026-05,human,228,False
2026-05-16,2026-05-21,21,Thursday,2026-05,assistant,762,False
2026-05-16,2026-05-21,21,Thursday,2026-05,human,96,True
2026-05-16,2026-05-21,21,Thursday,2026-05,assistant,1756,False
2026-05-16,2026-05-16,19,Saturday,2026-05,human,2787,False
2026-05-16,2026-05-16,19,Saturday,2026-05,assistant,731,False
2026-05-16,2026-05-16,19,Saturday,2026-05,human,161,False
2026-05-16,2026-05-16,19,Saturday,2026-05,assistant,1874,True
2026-05-16,2026-05-16,19,Saturday,2026-05,human,70,True
2026-05-16,2026-05-16,19,Saturday,2026-05,assistant,1985,True
2026-05-18,2026-05-18,15,Monday,2026-05,human,103,False
2026-05-18,2026-05-18,15,Monday,2026-05,assistant,3275,False
2026-05-18,2026-05-18,15,Monday,2026-05,human,99,False
2026-05-18,2026-05-18,15,Monday,2026-05,assistant,2489,False
2026-05-18,2026-05-18,15,Monday,2026-05,human,143,False
2026-05-18,2026-05-18,15,Monday,2026-05,assistant,2642,False
2026-05-18,2026-05-18,15,Monday,2026-05,human,433,False
2026-05-18,2026-05-18,15,Monday,2026-05,assistant,3576,False
2026-05-18,2026-05-18,18,Monday,2026-05,human,917,True
2026-05-18,2026-05-18,18,Monday,2026-05,assistant,2472,False
2026-05-18,2026-05-18,18,Monday,2026-05,human,443,True
2026-05-18,2026-05-18,18,Monday,2026-05,assistant,1529,False
2026-05-18,2026-05-18,23,Monday,2026-05,human,571,True
2026-05-18,2026-05-18,23,Monday,2026-05,assistant,1856,False
2026-05-18,2026-05-18,23,Monday,2026-05,human,82,False
2026-05-18,2026-05-18,23,Monday,2026-05,assistant,3269,True
2026-05-18,2026-05-19,0,Tuesday,2026-05,human,369,True
2026-05-18,2026-05-19,0,Tuesday,2026-05,assistant,2667,False
2026-05-18,2026-05-18,18,Monday,2026-05,human,2742,False
2026-05-18,2026-05-18,18,Monday,2026-05,assistant,750,False
2026-05-18,2026-05-18,18,Monday,2026-05,human,46,False
2026-05-18,2026-05-18,18,Monday,2026-05,assistant,1221,False
2026-05-18,2026-05-18,23,Monday,2026-05,human,2883,False
2026-05-18,2026-05-18,23,Monday,2026-05,assistant,3066,True
2026-05-18,2026-05-18,23,Monday,2026-05,human,48,False
2026-05-18,2026-05-18,23,Monday,2026-05,assistant,3104,True
2026-05-19,2026-05-19,0,Tuesday,2026-05,human,2880,False
2026-05-19,2026-05-19,0,Tuesday,2026-05,assistant,1585,False
2026-05-19,2026-05-19,17,Tuesday,2026-05,human,2686,False
2026-05-19,2026-05-19,17,Tuesday,2026-05,assistant,818,False
2026-05-19,2026-05-19,17,Tuesday,2026-05,human,59,False
2026-05-19,2026-05-19,17,Tuesday,2026-05,assistant,1291,False
2026-05-19,2026-05-19,18,Tuesday,2026-05,human,772,False
2026-05-19,2026-05-19,18,Tuesday,2026-05,assistant,390,False
2026-05-19,2026-05-19,18,Tuesday,2026-05,human,866,False
2026-05-19,2026-05-19,18,Tuesday,2026-05,assistant,428,False
2026-05-20,2026-05-20,0,Wednesday,2026-05,human,3850,True
2026-05-20,2026-05-20,0,Wednesday,2026-05,assistant,4473,True
2026-05-20,2026-05-20,0,Wednesday,2026-05,human,110,False
2026-05-20,2026-05-20,0,Wednesday,2026-05,assistant,2221,True
2026-05-20,2026-05-20,0,Wednesday,2026-05,human,46,False
2026-05-20,2026-05-20,0,Wednesday,2026-05,assistant,1555,False
2026-05-20,2026-05-20,18,Wednesday,2026-05,human,1946,False
2026-05-20,2026-05-20,18,Wednesday,2026-05,assistant,1687,False
2026-05-20,2026-05-21,23,Thursday,2026-05,human,436,True
2026-05-20,2026-05-21,23,Thursday,2026-05,assistant,2259,True
2026-05-20,2026-05-22,0,Friday,2026-05,human,131,True
2026-05-20,2026-05-22,0,Friday,2026-05,assistant,2507,True
2026-05-20,2026-05-22,0,Friday,2026-05,human,1887,False
2026-05-20,2026-05-22,0,Friday,2026-05,assistant,1631,False
2026-05-20,2026-05-22,1,Friday,2026-05,human,340,True
2026-05-20,2026-05-22,1,Friday,2026-05,assistant,4412,False
2026-05-20,2026-05-20,19,Wednesday,2026-05,human,665,True
2026-05-20,2026-05-20,19,Wednesday,2026-05,assistant,3512,False
2026-05-20,2026-05-20,19,Wednesday,2026-05,human,211,False
2026-05-20,2026-05-20,19,Wednesday,2026-05,assistant,2823,False
2026-05-20,2026-05-20,19,Wednesday,2026-05,human,73,True
2026-05-20,2026-05-20,19,Wednesday,2026-05,assistant,1469,False
2026-05-20,2026-05-20,19,Wednesday,2026-05,human,264,False
2026-05-20,2026-05-20,19,Wednesday,2026-05,assistant,2384,False
2026-05-20,2026-05-20,19,Wednesday,2026-05,human,147,False
2026-05-20,2026-05-20,19,Wednesday,2026-05,assistant,4226,False
2026-05-20,2026-05-20,22,Wednesday,2026-05,human,3581,False
2026-05-20,2026-05-20,22,Wednesday,2026-05,assistant,987,False
2026-05-20,2026-05-20,23,Wednesday,2026-05,human,136,False
2026-05-20,2026-05-20,23,Wednesday,2026-05,assistant,7362,True
2026-05-20,2026-05-20,23,Wednesday,2026-05,human,829,False
2026-05-20,2026-05-20,23,Wednesday,2026-05,assistant,3617,True
2026-05-20,2026-05-21,15,Thursday,2026-05,human,169,False
2026-05-20,2026-05-21,15,Thursday,2026-05,assistant,182,False
2026-05-20,2026-05-21,16,Thursday,2026-05,human,145,False
2026-05-20,2026-05-21,16,Thursday,2026-05,assistant,311,False
2026-05-20,2026-05-21,16,Thursday,2026-05,human,422,False
2026-05-20,2026-05-21,16,Thursday,2026-05,assistant,4076,True
2026-05-20,2026-05-26,22,Tuesday,2026-05,human,837,False
2026-05-20,2026-05-26,22,Tuesday,2026-05,assistant,684,True
2026-05-20,2026-05-20,23,Wednesday,2026-05,human,368,False
2026-05-20,2026-05-20,23,Wednesday,2026-05,assistant,11538,False
2026-05-21,2026-05-21,1,Thursday,2026-05,human,144,True
2026-05-21,2026-05-21,1,Thursday,2026-05,assistant,1430,False
2026-05-26,2026-05-26,14,Tuesday,2026-05,human,243,False
2026-05-26,2026-05-26,14,Tuesday,2026-05,assistant,4318,False
2026-05-26,2026-05-26,14,Tuesday,2026-05,human,47,False
2026-05-26,2026-05-26,14,Tuesday,2026-05,assistant,3014,False
2026-05-26,2026-05-26,14,Tuesday,2026-05,human,110,False
2026-05-26,2026-05-26,14,Tuesday,2026-05,assistant,2056,False
2026-05-27,2026-05-27,17,Wednesday,2026-05,human,217,True
2026-05-27,2026-05-27,17,Wednesday,2026-05,assistant,3444,False
2026-05-27,2026-05-27,17,Wednesday,2026-05,human,46,False
2026-05-27,2026-05-27,17,Wednesday,2026-05,assistant,2320,False
2026-05-27,2026-05-27,22,Wednesday,2026-05,human,236,True
2026-05-27,2026-05-27,22,Wednesday,2026-05,assistant,2534,False
2026-05-27,2026-05-27,22,Wednesday,2026-05,human,118,False
2026-05-27,2026-05-27,22,Wednesday,2026-05,assistant,1338,False
2026-05-27,2026-05-27,23,Wednesday,2026-05,human,0,True
2026-05-27,2026-05-27,23,Wednesday,2026-05,assistant,3206,False
2026-05-27,2026-05-27,23,Wednesday,2026-05,human,68,False
2026-05-27,2026-05-27,23,Wednesday,2026-05,assistant,2094,False
2026-05-27,2026-05-27,23,Wednesday,2026-05,human,102,True
2026-05-27,2026-05-27,23,Wednesday,2026-05,assistant,3331,False
2026-05-27,2026-05-27,23,Wednesday,2026-05,human,18,True
2026-05-27,2026-05-27,23,Wednesday,2026-05,assistant,4787,False
2026-05-27,2026-05-27,23,Wednesday,2026-05,human,79,False
2026-05-27,2026-05-27,23,Wednesday,2026-05,assistant,3770,False
2026-05-27,2026-05-27,23,Wednesday,2026-05,human,371,False
2026-05-27,2026-05-27,23,Wednesday,2026-05,assistant,631,False
2026-05-27,2026-05-27,23,Wednesday,2026-05,human,51,False
2026-05-27,2026-05-27,23,Wednesday,2026-05,assistant,380,False
2026-05-27,2026-05-27,23,Wednesday,2026-05,human,36,False
2026-05-27,2026-05-27,23,Wednesday,2026-05,assistant,329,False
2026-05-27,2026-05-27,23,Wednesday,2026-05,human,38,True
2026-05-27,2026-05-27,23,Wednesday,2026-05,assistant,1107,False
2026-05-27,2026-05-27,23,Wednesday,2026-05,human,106,True
2026-05-27,2026-05-27,23,Wednesday,2026-05,assistant,1559,False
2026-05-27,2026-05-27,23,Wednesday,2026-05,human,163,True
2026-05-27,2026-05-27,23,Wednesday,2026-05,assistant,2225,False
2026-05-28,2026-05-28,0,Thursday,2026-05,human,375,True
2026-05-28,2026-05-28,0,Thursday,2026-05,assistant,2441,False
2026-05-28,2026-05-28,0,Thursday,2026-05,human,521,False
2026-05-28,2026-05-28,0,Thursday,2026-05,assistant,2466,False
2026-05-28,2026-05-28,21,Thursday,2026-05,human,100,False
2026-05-28,2026-05-28,21,Thursday,2026-05,assistant,2259,False
2026-05-28,2026-05-28,21,Thursday,2026-05,human,104,False
2026-05-28,2026-05-28,21,Thursday,2026-05,assistant,1535,False
2026-05-28,2026-05-28,21,Thursday,2026-05,human,49,False
2026-05-28,2026-05-28,21,Thursday,2026-05,assistant,1860,False
2026-05-28,2026-05-30,21,Saturday,2026-05,human,193,False
2026-05-28,2026-05-30,21,Saturday,2026-05,assistant,678,False
2026-05-28,2026-05-30,21,Saturday,2026-05,human,33,False
2026-05-28,2026-05-30,21,Saturday,2026-05,assistant,454,False
2026-05-28,2026-05-30,21,Saturday,2026-05,human,130,False
2026-05-28,2026-05-30,21,Saturday,2026-05,assistant,785,False
2026-05-28,2026-05-30,21,Saturday,2026-05,human,1704,False
2026-05-28,2026-05-30,21,Saturday,2026-05,assistant,3511,False
2026-05-28,2026-05-30,21,Saturday,2026-05,human,146,False
2026-05-28,2026-05-30,21,Saturday,2026-05,assistant,2341,False
2026-05-28,2026-05-30,21,Saturday,2026-05,human,30,False
2026-05-28,2026-05-30,21,Saturday,2026-05,assistant,1149,False
2026-05-28,2026-05-30,21,Saturday,2026-05,human,149,False
2026-05-28,2026-05-30,22,Saturday,2026-05,assistant,1290,False
2026-05-28,2026-05-31,21,Sunday,2026-05,human,426,False
2026-05-28,2026-05-31,21,Sunday,2026-05,assistant,2180,False
2026-05-28,2026-05-31,21,Sunday,2026-05,human,73,False
2026-05-28,2026-05-31,21,Sunday,2026-05,assistant,1013,False
2026-05-28,2026-05-31,21,Sunday,2026-05,human,90,False
2026-05-28,2026-05-31,21,Sunday,2026-05,assistant,1424,False
2026-05-28,2026-05-31,21,Sunday,2026-05,human,562,False
2026-05-28,2026-05-31,21,Sunday,2026-05,assistant,1512,False
2026-05-28,2026-05-31,22,Sunday,2026-05,human,163,False
2026-05-28,2026-05-31,22,Sunday,2026-05,assistant,4443,False
2026-05-28,2026-05-31,22,Sunday,2026-05,human,106,False
2026-05-28,2026-05-31,22,Sunday,2026-05,assistant,2154,False
2026-05-28,2026-05-31,22,Sunday,2026-05,human,68,False
2026-05-28,2026-05-31,22,Sunday,2026-05,assistant,2458,False
2026-05-28,2026-05-31,22,Sunday,2026-05,human,73,False
2026-05-28,2026-05-31,22,Sunday,2026-05,assistant,1726,False
2026-05-28,2026-05-31,23,Sunday,2026-05,human,272,False
2026-05-28,2026-05-31,23,Sunday,2026-05,assistant,4533,False
2026-05-28,2026-06-01,14,Monday,2026-06,human,756,False
2026-05-28,2026-06-01,14,Monday,2026-06,assistant,3530,False
2026-05-28,2026-06-01,14,Monday,2026-06,human,35,False
2026-05-28,2026-06-01,14,Monday,2026-06,assistant,3917,False
2026-05-28,2026-06-01,22,Monday,2026-06,human,344,False
2026-05-28,2026-06-01,22,Monday,2026-06,assistant,2348,False
2026-05-28,2026-06-01,22,Monday,2026-06,human,246,False
2026-05-28,2026-06-01,22,Monday,2026-06,assistant,1216,False
2026-05-28,2026-06-01,22,Monday,2026-06,human,178,False
2026-05-28,2026-06-01,22,Monday,2026-06,assistant,2142,False
2026-05-28,2026-06-01,23,Monday,2026-06,human,27,True
2026-05-28,2026-06-01,23,Monday,2026-06,assistant,2155,False
2026-05-28,2026-06-01,23,Monday,2026-06,human,541,True
2026-05-28,2026-06-01,23,Monday,2026-06,assistant,5643,False
2026-05-28,2026-06-01,23,Monday,2026-06,human,46,False
2026-05-28,2026-06-01,23,Monday,2026-06,assistant,2367,False
2026-05-28,2026-06-01,23,Monday,2026-06,human,231,False
2026-05-28,2026-06-01,23,Monday,2026-06,assistant,3909,False
2026-05-28,2026-06-01,23,Monday,2026-06,human,290,False
2026-05-28,2026-06-01,23,Monday,2026-06,assistant,1507,False
2026-05-28,2026-06-01,23,Monday,2026-06,human,175,False
2026-05-28,2026-06-01,23,Monday,2026-06,assistant,1574,False
2026-05-28,2026-06-01,23,Monday,2026-06,human,76,False
2026-05-28,2026-06-01,23,Monday,2026-06,assistant,3229,False
2026-05-28,2026-06-01,23,Monday,2026-06,human,191,True
2026-05-28,2026-06-01,23,Monday,2026-06,assistant,3262,False
2026-05-28,2026-06-01,23,Monday,2026-06,human,373,True
2026-05-28,2026-06-01,23,Monday,2026-06,assistant,1448,False
2026-05-28,2026-06-01,23,Monday,2026-06,human,167,True
2026-05-28,2026-06-01,23,Monday,2026-06,assistant,2892,False
2026-05-28,2026-06-02,1,Tuesday,2026-06,human,1291,False
2026-05-28,2026-06-02,1,Tuesday,2026-06,assistant,4481,False
2026-05-28,2026-06-02,1,Tuesday,2026-06,human,1437,False
2026-05-28,2026-06-02,1,Tuesday,2026-06,assistant,4728,False
2026-05-28,2026-06-02,1,Tuesday,2026-06,human,68,False
2026-05-28,2026-06-02,1,Tuesday,2026-06,assistant,1780,False
2026-05-28,2026-06-02,1,Tuesday,2026-06,human,69,False
2026-05-28,2026-06-02,1,Tuesday,2026-06,assistant,2112,False
2026-05-28,2026-06-02,1,Tuesday,2026-06,human,70,False
2026-05-28,2026-06-02,1,Tuesday,2026-06,assistant,2335,False
2026-05-29,2026-05-29,15,Friday,2026-05,human,38,True
2026-05-29,2026-05-29,15,Friday,2026-05,assistant,296,False
2026-05-29,2026-05-29,15,Friday,2026-05,human,119,False
2026-05-29,2026-05-29,15,Friday,2026-05,assistant,740,False
2026-05-29,2026-05-29,15,Friday,2026-05,human,173,False
2026-05-29,2026-05-29,15,Friday,2026-05,assistant,1480,False
2026-05-29,2026-05-29,15,Friday,2026-05,human,334,False
2026-05-29,2026-05-29,15,Friday,2026-05,assistant,1658,False
2026-05-29,2026-05-29,15,Friday,2026-05,human,87,True
2026-05-29,2026-05-29,15,Friday,2026-05,assistant,706,False
2026-05-29,2026-05-29,23,Friday,2026-05,human,146,True
2026-05-29,2026-05-29,23,Friday,2026-05,assistant,2880,False
2026-05-31,2026-05-31,0,Sunday,2026-05,human,400,False
2026-05-31,2026-05-31,0,Sunday,2026-05,assistant,10091,False
2026-05-31,2026-05-31,0,Sunday,2026-05,human,187,False
2026-05-31,2026-05-31,0,Sunday,2026-05,assistant,7654,False
2026-05-31,2026-05-31,0,Sunday,2026-05,human,287,False
2026-05-31,2026-05-31,0,Sunday,2026-05,assistant,19323,False
2026-05-31,2026-05-31,15,Sunday,2026-05,human,601,False
2026-05-31,2026-05-31,15,Sunday,2026-05,assistant,12520,False
2026-05-31,2026-05-31,15,Sunday,2026-05,human,217,False
2026-05-31,2026-05-31,15,Sunday,2026-05,assistant,8397,False
2026-05-31,2026-05-31,15,Sunday,2026-05,human,121,False
2026-05-31,2026-05-31,15,Sunday,2026-05,assistant,8802,False
2026-05-31,2026-05-31,15,Sunday,2026-05,human,103,False
2026-05-31,2026-05-31,16,Sunday,2026-05,assistant,9842,False
2026-05-31,2026-05-31,16,Sunday,2026-05,human,85,False
2026-05-31,2026-05-31,16,Sunday,2026-05,assistant,1290,False
2026-05-31,2026-06-03,1,Wednesday,2026-06,human,427,True
2026-05-31,2026-06-03,1,Wednesday,2026-06,assistant,6793,False
2026-06-02,2026-06-02,0,Tuesday,2026-06,human,373,True
2026-06-02,2026-06-02,0,Tuesday,2026-06,assistant,6064,False
2026-06-02,2026-06-02,17,Tuesday,2026-06,human,1086,True
2026-06-02,2026-06-02,17,Tuesday,2026-06,assistant,6511,False
2026-06-02,2026-06-02,17,Tuesday,2026-06,human,166,False
2026-06-02,2026-06-02,17,Tuesday,2026-06,assistant,2499,False
2026-06-02,2026-06-02,17,Tuesday,2026-06,human,440,False
2026-06-02,2026-06-02,17,Tuesday,2026-06,assistant,2644,False
2026-06-02,2026-06-02,18,Tuesday,2026-06,human,30,False
2026-06-02,2026-06-02,18,Tuesday,2026-06,assistant,1431,False
2026-06-02,2026-06-02,18,Tuesday,2026-06,human,194,True
2026-06-02,2026-06-02,18,Tuesday,2026-06,assistant,3112,False
2026-06-02,2026-06-02,18,Tuesday,2026-06,human,165,True
2026-06-02,2026-06-02,18,Tuesday,2026-06,assistant,5652,False
2026-06-02,2026-06-02,18,Tuesday,2026-06,human,1873,False
2026-06-02,2026-06-02,18,Tuesday,2026-06,assistant,4071,False
2026-06-02,2026-06-02,18,Tuesday,2026-06,human,714,False
2026-06-02,2026-06-02,18,Tuesday,2026-06,assistant,1986,False
2026-06-02,2026-06-02,18,Tuesday,2026-06,human,80,False
2026-06-02,2026-06-02,18,Tuesday,2026-06,assistant,1563,False
2026-06-02,2026-06-02,18,Tuesday,2026-06,human,129,False
2026-06-02,2026-06-02,18,Tuesday,2026-06,assistant,2337,False
2026-06-02,2026-06-02,18,Tuesday,2026-06,human,308,False
2026-06-02,2026-06-02,18,Tuesday,2026-06,assistant,2437,False
2026-06-02,2026-06-02,18,Tuesday,2026-06,human,574,False
2026-06-02,2026-06-02,18,Tuesday,2026-06,assistant,2713,False
2026-06-02,2026-06-02,18,Tuesday,2026-06,human,67,True
2026-06-02,2026-06-02,18,Tuesday,2026-06,assistant,1192,False
2026-06-02,2026-06-02,18,Tuesday,2026-06,human,41,False
2026-06-02,2026-06-02,18,Tuesday,2026-06,assistant,480,False
2026-06-02,2026-06-10,14,Wednesday,2026-06,human,357,False
2026-06-02,2026-06-10,14,Wednesday,2026-06,assistant,2277,False
2026-06-02,2026-06-10,14,Wednesday,2026-06,human,48,True
2026-06-02,2026-06-10,14,Wednesday,2026-06,assistant,411,False
2026-06-02,2026-06-10,14,Wednesday,2026-06,human,91,False
2026-06-02,2026-06-10,14,Wednesday,2026-06,assistant,1745,False
2026-06-03,2026-06-03,22,Wednesday,2026-06,human,141,True
2026-06-03,2026-06-03,22,Wednesday,2026-06,assistant,3705,False
2026-06-03,2026-06-03,22,Wednesday,2026-06,human,135,False
2026-06-03,2026-06-03,22,Wednesday,2026-06,assistant,1205,False
2026-06-03,2026-06-03,22,Wednesday,2026-06,human,196,True
2026-06-03,2026-06-03,22,Wednesday,2026-06,assistant,8139,False
2026-06-03,2026-06-03,22,Wednesday,2026-06,human,64,False
2026-06-03,2026-06-03,22,Wednesday,2026-06,assistant,3576,False
2026-06-03,2026-06-03,22,Wednesday,2026-06,human,300,False
2026-06-03,2026-06-03,22,Wednesday,2026-06,assistant,2892,False
2026-06-03,2026-06-03,22,Wednesday,2026-06,human,329,False
2026-06-03,2026-06-03,22,Wednesday,2026-06,assistant,10550,False
2026-06-04,2026-06-04,14,Thursday,2026-06,human,392,False
2026-06-04,2026-06-04,14,Thursday,2026-06,assistant,7809,False
2026-06-04,2026-06-04,14,Thursday,2026-06,human,223,False
2026-06-04,2026-06-04,14,Thursday,2026-06,assistant,4016,False
2026-06-04,2026-06-04,14,Thursday,2026-06,human,222,False
2026-06-04,2026-06-04,14,Thursday,2026-06,assistant,3874,False
2026-06-04,2026-06-04,14,Thursday,2026-06,human,120,True
2026-06-04,2026-06-04,14,Thursday,2026-06,assistant,4552,False
2026-06-04,2026-06-04,14,Thursday,2026-06,human,91,False
2026-06-04,2026-06-04,14,Thursday,2026-06,assistant,1906,False
2026-06-04,2026-06-04,14,Thursday,2026-06,human,88,False
2026-06-04,2026-06-04,14,Thursday,2026-06,assistant,1216,False
2026-06-04,2026-06-04,14,Thursday,2026-06,human,88,False
2026-06-04,2026-06-04,14,Thursday,2026-06,assistant,1709,False
2026-06-04,2026-06-04,18,Thursday,2026-06,human,397,True
2026-06-04,2026-06-04,18,Thursday,2026-06,assistant,10870,False
2026-06-04,2026-06-04,18,Thursday,2026-06,human,223,False
2026-06-04,2026-06-04,18,Thursday,2026-06,assistant,5328,False
2026-06-04,2026-06-04,18,Thursday,2026-06,human,156,False
2026-06-04,2026-06-04,18,Thursday,2026-06,assistant,7783,False
2026-06-04,2026-06-04,18,Thursday,2026-06,human,97,False
2026-06-04,2026-06-04,18,Thursday,2026-06,assistant,9971,False
2026-06-04,2026-06-04,18,Thursday,2026-06,human,43,False
2026-06-04,2026-06-04,18,Thursday,2026-06,assistant,3435,False
2026-06-04,2026-06-04,18,Thursday,2026-06,human,25,False
2026-06-04,2026-06-04,18,Thursday,2026-06,assistant,9179,False
2026-06-04,2026-06-05,1,Friday,2026-06,human,378,False
2026-06-04,2026-06-05,1,Friday,2026-06,assistant,13944,False
2026-06-04,2026-06-05,1,Friday,2026-06,human,201,False
2026-06-04,2026-06-05,1,Friday,2026-06,assistant,3193,False
2026-06-04,2026-06-06,2,Saturday,2026-06,human,115,False
2026-06-04,2026-06-06,2,Saturday,2026-06,assistant,6531,False
2026-06-04,2026-06-06,2,Saturday,2026-06,human,60,False
2026-06-04,2026-06-06,2,Saturday,2026-06,assistant,2026,False
2026-06-04,2026-06-04,21,Thursday,2026-06,human,84,False
2026-06-04,2026-06-04,21,Thursday,2026-06,assistant,1379,False
2026-06-05,2026-06-05,14,Friday,2026-06,human,405,False
2026-06-05,2026-06-05,14,Friday,2026-06,assistant,9261,False
2026-06-05,2026-06-05,14,Friday,2026-06,human,81,False
2026-06-05,2026-06-05,14,Friday,2026-06,assistant,4220,False
2026-06-05,2026-06-05,14,Friday,2026-06,human,70,False
2026-06-05,2026-06-05,14,Friday,2026-06,assistant,2299,False
2026-06-05,2026-06-05,19,Friday,2026-06,human,88,False
2026-06-05,2026-06-05,19,Friday,2026-06,assistant,4816,False
2026-06-05,2026-06-06,1,Saturday,2026-06,human,76,False
2026-06-05,2026-06-06,1,Saturday,2026-06,assistant,4042,False
2026-06-06,2026-06-06,1,Saturday,2026-06,human,95,False
2026-06-06,2026-06-06,1,Saturday,2026-06,assistant,3683,False
2026-06-06,2026-06-06,1,Saturday,2026-06,human,500,False
2026-06-06,2026-06-06,1,Saturday,2026-06,assistant,4569,False
2026-06-06,2026-06-06,1,Saturday,2026-06,human,221,True
2026-06-06,2026-06-06,1,Saturday,2026-06,assistant,9777,False
2026-06-07,2026-06-07,20,Sunday,2026-06,human,349,False
2026-06-07,2026-06-07,20,Sunday,2026-06,assistant,11281,False
2026-06-08,2026-06-08,14,Monday,2026-06,human,799,False
2026-06-08,2026-06-08,14,Monday,2026-06,assistant,9928,False
2026-06-08,2026-06-08,23,Monday,2026-06,human,379,True
2026-06-08,2026-06-08,23,Monday,2026-06,assistant,3338,False
2026-06-08,2026-06-08,23,Monday,2026-06,human,160,False
2026-06-08,2026-06-08,23,Monday,2026-06,assistant,942,False
2026-06-08,2026-06-08,23,Monday,2026-06,human,103,False
2026-06-08,2026-06-08,23,Monday,2026-06,assistant,440,False
2026-06-08,2026-06-08,23,Monday,2026-06,human,105,False
2026-06-08,2026-06-08,23,Monday,2026-06,assistant,624,False
2026-06-08,2026-06-10,22,Wednesday,2026-06,human,123,False
2026-06-08,2026-06-10,22,Wednesday,2026-06,assistant,2010,False
2026-06-08,2026-06-10,22,Wednesday,2026-06,human,680,False
2026-06-08,2026-06-10,22,Wednesday,2026-06,assistant,938,False
2026-06-08,2026-06-10,22,Wednesday,2026-06,human,146,False
2026-06-08,2026-06-10,22,Wednesday,2026-06,assistant,879,False
2026-06-08,2026-06-10,23,Wednesday,2026-06,human,136,False
2026-06-08,2026-06-10,23,Wednesday,2026-06,assistant,628,False
2026-06-08,2026-06-10,23,Wednesday,2026-06,human,186,False
2026-06-08,2026-06-10,23,Wednesday,2026-06,assistant,867,False
2026-06-08,2026-06-10,23,Wednesday,2026-06,human,379,False
2026-06-08,2026-06-10,23,Wednesday,2026-06,assistant,1749,False
2026-06-08,2026-06-10,23,Wednesday,2026-06,human,63,True
2026-06-08,2026-06-10,23,Wednesday,2026-06,assistant,1760,False
2026-06-08,2026-06-10,23,Wednesday,2026-06,human,43,False
2026-06-08,2026-06-10,23,Wednesday,2026-06,assistant,361,False
2026-06-08,2026-06-10,23,Wednesday,2026-06,human,178,False
2026-06-08,2026-06-10,23,Wednesday,2026-06,assistant,1218,False
2026-06-08,2026-06-10,23,Wednesday,2026-06,human,110,False
2026-06-08,2026-06-10,23,Wednesday,2026-06,assistant,1319,False
2026-06-08,2026-06-11,1,Thursday,2026-06,human,57,False
2026-06-08,2026-06-11,1,Thursday,2026-06,assistant,2035,False
2026-06-08,2026-06-11,1,Thursday,2026-06,human,506,False
2026-06-08,2026-06-11,1,Thursday,2026-06,assistant,1739,False
2026-06-08,2026-06-11,1,Thursday,2026-06,human,558,False
2026-06-08,2026-06-11,1,Thursday,2026-06,assistant,1218,False
2026-06-08,2026-06-11,1,Thursday,2026-06,human,355,False
2026-06-08,2026-06-11,1,Thursday,2026-06,assistant,842,False
2026-06-08,2026-06-11,1,Thursday,2026-06,human,31,True
2026-06-08,2026-06-11,1,Thursday,2026-06,assistant,1460,False
2026-06-08,2026-06-11,1,Thursday,2026-06,human,198,False
2026-06-08,2026-06-11,1,Thursday,2026-06,assistant,868,False
2026-06-08,2026-06-11,1,Thursday,2026-06,human,56,False
2026-06-08,2026-06-11,1,Thursday,2026-06,assistant,678,False
2026-06-08,2026-06-13,18,Saturday,2026-06,human,252,False
2026-06-08,2026-06-13,18,Saturday,2026-06,assistant,1124,False
2026-06-08,2026-06-13,18,Saturday,2026-06,human,61,True
2026-06-08,2026-06-13,18,Saturday,2026-06,assistant,2134,False
2026-06-08,2026-06-13,18,Saturday,2026-06,human,105,False
2026-06-08,2026-06-13,18,Saturday,2026-06,assistant,666,False
2026-06-08,2026-06-13,18,Saturday,2026-06,human,166,False
2026-06-08,2026-06-13,18,Saturday,2026-06,assistant,1013,False
2026-06-08,2026-06-13,18,Saturday,2026-06,human,44,True
2026-06-08,2026-06-13,18,Saturday,2026-06,assistant,2289,False
2026-06-08,2026-06-13,18,Saturday,2026-06,human,97,False
2026-06-08,2026-06-13,18,Saturday,2026-06,assistant,304,False
2026-06-08,2026-06-13,18,Saturday,2026-06,human,189,False
2026-06-08,2026-06-13,18,Saturday,2026-06,assistant,780,False
2026-06-08,2026-06-13,18,Saturday,2026-06,human,334,False
2026-06-08,2026-06-13,18,Saturday,2026-06,assistant,1360,False
2026-06-08,2026-06-13,18,Saturday,2026-06,human,72,True
2026-06-08,2026-06-13,18,Saturday,2026-06,assistant,1432,False
2026-06-08,2026-06-13,18,Saturday,2026-06,human,322,False
2026-06-08,2026-06-13,18,Saturday,2026-06,assistant,1544,False
2026-06-08,2026-06-13,18,Saturday,2026-06,human,141,False
2026-06-08,2026-06-13,18,Saturday,2026-06,assistant,814,False
2026-06-08,2026-06-13,18,Saturday,2026-06,human,318,False
2026-06-08,2026-06-13,18,Saturday,2026-06,assistant,999,False
2026-06-08,2026-06-13,18,Saturday,2026-06,human,76,False
2026-06-08,2026-06-13,18,Saturday,2026-06,assistant,767,False
2026-06-08,2026-06-13,18,Saturday,2026-06,human,49,False
2026-06-08,2026-06-13,18,Saturday,2026-06,assistant,1579,False
2026-06-08,2026-06-13,18,Saturday,2026-06,human,324,False
2026-06-08,2026-06-13,18,Saturday,2026-06,assistant,1887,False
2026-06-08,2026-06-13,18,Saturday,2026-06,human,62,True
2026-06-08,2026-06-13,18,Saturday,2026-06,assistant,1768,False
2026-06-08,2026-06-13,19,Saturday,2026-06,human,95,True
2026-06-08,2026-06-13,19,Saturday,2026-06,assistant,1322,False
2026-06-08,2026-06-14,17,Sunday,2026-06,human,201,False
2026-06-08,2026-06-14,17,Sunday,2026-06,assistant,2150,False
2026-06-08,2026-06-14,17,Sunday,2026-06,human,14,True
2026-06-08,2026-06-14,17,Sunday,2026-06,assistant,1402,False
2026-06-08,2026-06-14,17,Sunday,2026-06,human,298,False
2026-06-08,2026-06-14,17,Sunday,2026-06,assistant,1334,False
2026-06-08,2026-06-14,17,Sunday,2026-06,human,10,True
2026-06-08,2026-06-14,17,Sunday,2026-06,assistant,1434,False
2026-06-08,2026-06-14,17,Sunday,2026-06,human,90,False
2026-06-08,2026-06-14,17,Sunday,2026-06,assistant,1325,False
2026-06-08,2026-06-14,17,Sunday,2026-06,human,280,False
2026-06-08,2026-06-14,17,Sunday,2026-06,assistant,891,False
2026-06-08,2026-06-14,17,Sunday,2026-06,human,61,True
2026-06-08,2026-06-14,17,Sunday,2026-06,assistant,747,False
2026-06-08,2026-06-14,17,Sunday,2026-06,human,84,False
2026-06-08,2026-06-14,17,Sunday,2026-06,assistant,1054,False
2026-06-08,2026-06-14,17,Sunday,2026-06,human,43,False
2026-06-08,2026-06-14,17,Sunday,2026-06,assistant,2315,False
2026-06-08,2026-06-14,17,Sunday,2026-06,human,308,False
2026-06-08,2026-06-14,17,Sunday,2026-06,assistant,1892,False
2026-06-08,2026-06-14,17,Sunday,2026-06,human,65,False
2026-06-08,2026-06-14,17,Sunday,2026-06,assistant,855,False
2026-06-08,2026-06-14,17,Sunday,2026-06,human,38,True
2026-06-08,2026-06-14,17,Sunday,2026-06,assistant,1362,False
2026-06-08,2026-06-14,18,Sunday,2026-06,human,236,False
2026-06-08,2026-06-14,18,Sunday,2026-06,assistant,2997,False
2026-06-08,2026-06-14,18,Sunday,2026-06,human,920,False
2026-06-08,2026-06-14,18,Sunday,2026-06,assistant,2066,False
2026-06-08,2026-06-14,18,Sunday,2026-06,human,198,True
2026-06-08,2026-06-14,18,Sunday,2026-06,assistant,3132,False
2026-06-08,2026-06-14,19,Sunday,2026-06,human,1248,False
2026-06-08,2026-06-14,19,Sunday,2026-06,assistant,4062,False
2026-06-08,2026-06-14,19,Sunday,2026-06,human,1403,False
2026-06-08,2026-06-14,19,Sunday,2026-06,assistant,3284,False
2026-06-08,2026-06-14,19,Sunday,2026-06,human,772,False
2026-06-08,2026-06-14,19,Sunday,2026-06,assistant,2257,False
2026-06-08,2026-06-14,19,Sunday,2026-06,human,357,False
2026-06-08,2026-06-14,19,Sunday,2026-06,assistant,1294,False
2026-06-08,2026-06-14,19,Sunday,2026-06,human,271,False
2026-06-08,2026-06-14,19,Sunday,2026-06,assistant,1534,False
2026-06-08,2026-06-15,0,Monday,2026-06,human,1393,False
2026-06-08,2026-06-15,0,Monday,2026-06,assistant,2224,False
2026-06-08,2026-06-15,0,Monday,2026-06,human,40,False
2026-06-08,2026-06-15,0,Monday,2026-06,assistant,538,False
2026-06-08,2026-06-15,14,Monday,2026-06,human,3385,False
2026-06-08,2026-06-15,14,Monday,2026-06,assistant,11070,False
2026-06-08,2026-06-15,15,Monday,2026-06,human,310,False
2026-06-08,2026-06-15,15,Monday,2026-06,assistant,2027,False
2026-06-08,2026-06-15,15,Monday,2026-06,human,24,False
2026-06-08,2026-06-15,15,Monday,2026-06,assistant,1641,False
2026-06-08,2026-06-15,15,Monday,2026-06,human,504,False
2026-06-08,2026-06-15,15,Monday,2026-06,assistant,3154,False
2026-06-08,2026-06-15,15,Monday,2026-06,human,48,False
2026-06-08,2026-06-15,15,Monday,2026-06,assistant,1780,False
2026-06-08,2026-06-15,15,Monday,2026-06,human,56,True
2026-06-08,2026-06-15,15,Monday,2026-06,assistant,3295,False
2026-06-08,2026-06-15,15,Monday,2026-06,human,46,False
2026-06-08,2026-06-15,15,Monday,2026-06,assistant,3451,False
2026-06-08,2026-06-15,15,Monday,2026-06,human,196,False
2026-06-08,2026-06-15,15,Monday,2026-06,assistant,3741,False
2026-06-08,2026-06-15,23,Monday,2026-06,human,401,False
2026-06-08,2026-06-15,23,Monday,2026-06,assistant,3998,False
2026-06-08,2026-06-15,23,Monday,2026-06,human,101,False
2026-06-08,2026-06-15,23,Monday,2026-06,assistant,3560,False
2026-06-08,2026-06-16,17,Tuesday,2026-06,human,123,False
2026-06-08,2026-06-16,17,Tuesday,2026-06,assistant,2410,False
2026-06-09,2026-06-09,21,Tuesday,2026-06,human,68,False
2026-06-09,2026-06-09,21,Tuesday,2026-06,assistant,131,False
2026-06-09,2026-06-09,21,Tuesday,2026-06,human,120,True
2026-06-09,2026-06-09,21,Tuesday,2026-06,assistant,3590,True
2026-06-09,2026-06-09,23,Tuesday,2026-06,human,91,False
2026-06-09,2026-06-09,23,Tuesday,2026-06,assistant,1166,False
2026-06-10,2026-06-10,0,Wednesday,2026-06,human,212,True
2026-06-10,2026-06-10,0,Wednesday,2026-06,assistant,2426,False
2026-06-10,2026-06-10,0,Wednesday,2026-06,human,78,False
2026-06-10,2026-06-10,0,Wednesday,2026-06,assistant,1408,False
2026-06-10,2026-06-10,1,Wednesday,2026-06,human,193,False
2026-06-10,2026-06-10,1,Wednesday,2026-06,assistant,663,False
2026-06-10,2026-06-10,1,Wednesday,2026-06,human,56,False
2026-06-10,2026-06-10,1,Wednesday,2026-06,assistant,948,False
2026-06-10,2026-06-10,1,Wednesday,2026-06,human,72,False
2026-06-10,2026-06-10,1,Wednesday,2026-06,assistant,632,False
2026-06-10,2026-06-10,13,Wednesday,2026-06,human,393,True
2026-06-10,2026-06-10,13,Wednesday,2026-06,assistant,6240,False
2026-06-10,2026-06-10,13,Wednesday,2026-06,human,1607,False
2026-06-10,2026-06-10,13,Wednesday,2026-06,assistant,4101,False
2026-06-10,2026-06-10,13,Wednesday,2026-06,human,122,False
2026-06-10,2026-06-10,13,Wednesday,2026-06,assistant,2655,False
2026-06-11,2026-06-11,15,Thursday,2026-06,human,503,True
2026-06-11,2026-06-11,15,Thursday,2026-06,assistant,13090,False
2026-06-11,2026-06-11,17,Thursday,2026-06,human,2288,False
2026-06-11,2026-06-11,17,Thursday,2026-06,assistant,3256,False
2026-06-11,2026-06-11,17,Thursday,2026-06,human,103,False
2026-06-11,2026-06-11,17,Thursday,2026-06,assistant,935,False
2026-06-11,2026-06-11,17,Thursday,2026-06,human,223,False
2026-06-11,2026-06-11,17,Thursday,2026-06,assistant,21317,True
2026-06-11,2026-06-11,17,Thursday,2026-06,human,719,False
2026-06-11,2026-06-11,17,Thursday,2026-06,assistant,3507,True
2026-06-11,2026-06-11,17,Thursday,2026-06,human,49,False
2026-06-11,2026-06-11,17,Thursday,2026-06,assistant,938,False
2026-06-11,2026-06-11,17,Thursday,2026-06,human,806,False
2026-06-11,2026-06-11,17,Thursday,2026-06,assistant,2240,True
2026-06-16,2026-06-16,14,Tuesday,2026-06,human,85,True
2026-06-16,2026-06-16,14,Tuesday,2026-06,assistant,863,False
2026-06-16,2026-06-16,14,Tuesday,2026-06,human,170,True
2026-06-16,2026-06-16,14,Tuesday,2026-06,assistant,6359,False
2026-06-16,2026-06-16,14,Tuesday,2026-06,human,83,False
2026-06-16,2026-06-16,14,Tuesday,2026-06,assistant,5018,False
2026-06-16,2026-06-16,17,Tuesday,2026-06,human,44,False
2026-06-16,2026-06-16,17,Tuesday,2026-06,assistant,699,False
2026-06-16,2026-06-16,17,Tuesday,2026-06,human,93,False
2026-06-16,2026-06-16,17,Tuesday,2026-06,assistant,1270,False
2026-06-16,2026-06-16,20,Tuesday,2026-06,human,144,False
2026-06-16,2026-06-16,20,Tuesday,2026-06,assistant,2529,False
2026-06-16,2026-06-16,20,Tuesday,2026-06,human,166,False
2026-06-16,2026-06-16,20,Tuesday,2026-06,assistant,2783,False
2026-06-16,2026-06-16,21,Tuesday,2026-06,human,443,False
2026-06-16,2026-06-16,21,Tuesday,2026-06,assistant,2701,False
2026-06-16,2026-06-16,21,Tuesday,2026-06,human,272,False
2026-06-16,2026-06-16,21,Tuesday,2026-06,assistant,1545,False
2026-06-16,2026-06-16,22,Tuesday,2026-06,human,258,True
2026-06-16,2026-06-16,22,Tuesday,2026-06,assistant,3382,False
2026-06-16,2026-06-16,22,Tuesday,2026-06,human,57,False
2026-06-16,2026-06-16,22,Tuesday,2026-06,assistant,2797,False
2026-06-17,2026-06-17,22,Wednesday,2026-06,human,81,True
2026-06-17,2026-06-17,22,Wednesday,2026-06,assistant,4187,False
2026-06-17,2026-06-17,23,Wednesday,2026-06,human,1037,False
2026-06-17,2026-06-17,23,Wednesday,2026-06,assistant,1647,False
2026-06-17,2026-06-17,23,Wednesday,2026-06,human,659,False
2026-06-17,2026-06-17,23,Wednesday,2026-06,assistant,1002,False
2026-06-17,2026-06-17,23,Wednesday,2026-06,human,539,False
2026-06-17,2026-06-17,23,Wednesday,2026-06,assistant,1346,False
2026-06-17,2026-06-17,23,Wednesday,2026-06,human,78,False
2026-06-17,2026-06-17,23,Wednesday,2026-06,assistant,840,False
2026-06-17,2026-06-17,23,Wednesday,2026-06,human,128,True
2026-06-17,2026-06-17,23,Wednesday,2026-06,assistant,985,False
2026-06-17,2026-06-17,23,Wednesday,2026-06,human,206,True
2026-06-17,2026-06-17,23,Wednesday,2026-06,assistant,2591,False
2026-06-17,2026-06-17,23,Wednesday,2026-06,human,776,False
2026-06-17,2026-06-17,23,Wednesday,2026-06,assistant,1508,False
2026-06-17,2026-06-17,23,Wednesday,2026-06,human,24,True
2026-06-17,2026-06-17,23,Wednesday,2026-06,assistant,1558,False
2026-06-17,2026-06-17,23,Wednesday,2026-06,human,103,False
2026-06-17,2026-06-17,23,Wednesday,2026-06,assistant,2092,False
2026-06-17,2026-06-17,23,Wednesday,2026-06,human,68,False
2026-06-17,2026-06-17,23,Wednesday,2026-06,assistant,2632,False
2026-06-17,2026-06-18,1,Thursday,2026-06,human,619,False
2026-06-17,2026-06-18,1,Thursday,2026-06,assistant,2772,False
2026-06-17,2026-06-18,1,Thursday,2026-06,human,31,True
2026-06-17,2026-06-18,1,Thursday,2026-06,assistant,1715,False
2026-06-17,2026-06-18,1,Thursday,2026-06,human,25,False
2026-06-17,2026-06-18,1,Thursday,2026-06,assistant,199,False
2026-06-17,2026-06-18,1,Thursday,2026-06,human,61,False
2026-06-17,2026-06-18,1,Thursday,2026-06,assistant,1710,False
2026-06-17,2026-06-18,1,Thursday,2026-06,human,20,False
2026-06-17,2026-06-18,1,Thursday,2026-06,assistant,1280,False
2026-06-17,2026-06-18,1,Thursday,2026-06,human,86,False
2026-06-17,2026-06-18,1,Thursday,2026-06,assistant,1839,False
2026-06-17,2026-06-18,1,Thursday,2026-06,human,57,False
2026-06-17,2026-06-18,1,Thursday,2026-06,assistant,2337,False
2026-06-17,2026-06-18,1,Thursday,2026-06,human,52,False
2026-06-17,2026-06-18,1,Thursday,2026-06,assistant,2660,False
2026-06-17,2026-06-18,1,Thursday,2026-06,human,99,False
2026-06-17,2026-06-18,1,Thursday,2026-06,assistant,4066,False
2026-06-17,2026-06-18,21,Thursday,2026-06,human,113,False
2026-06-17,2026-06-18,21,Thursday,2026-06,assistant,1804,False
2026-06-18,2026-06-18,12,Thursday,2026-06,human,2231,False
2026-06-18,2026-06-18,12,Thursday,2026-06,assistant,7061,False
2026-06-18,2026-06-18,12,Thursday,2026-06,human,535,False
2026-06-18,2026-06-18,12,Thursday,2026-06,assistant,4604,False
2026-06-18,2026-06-18,19,Thursday,2026-06,human,611,True
2026-06-18,2026-06-18,19,Thursday,2026-06,assistant,8198,False
2026-06-18,2026-06-18,20,Thursday,2026-06,human,325,False
2026-06-18,2026-06-18,20,Thursday,2026-06,assistant,4563,False
2026-06-18,2026-06-25,15,Thursday,2026-06,human,1063,False
2026-06-18,2026-06-25,15,Thursday,2026-06,assistant,6681,False
2026-06-18,2026-06-25,15,Thursday,2026-06,human,351,False
2026-06-18,2026-06-25,15,Thursday,2026-06,assistant,3288,False
2026-06-18,2026-06-25,15,Thursday,2026-06,human,332,False
2026-06-18,2026-06-25,15,Thursday,2026-06,assistant,8752,False
2026-06-18,2026-06-25,16,Thursday,2026-06,human,1183,False
2026-06-18,2026-06-25,16,Thursday,2026-06,assistant,3853,False
2026-06-18,2026-06-25,16,Thursday,2026-06,human,72,False
2026-06-18,2026-06-25,16,Thursday,2026-06,assistant,409,False
2026-06-18,2026-06-25,16,Thursday,2026-06,human,213,False
2026-06-18,2026-06-25,16,Thursday,2026-06,assistant,4413,False
2026-06-18,2026-06-25,17,Thursday,2026-06,human,1283,False
2026-06-18,2026-06-25,17,Thursday,2026-06,assistant,10441,False
2026-06-18,2026-06-25,17,Thursday,2026-06,human,47,False
2026-06-18,2026-06-25,17,Thursday,2026-06,assistant,1393,False
2026-06-18,2026-06-25,17,Thursday,2026-06,human,155,False
2026-06-18,2026-06-25,17,Thursday,2026-06,assistant,2720,False
2026-06-18,2026-06-25,17,Thursday,2026-06,human,168,False
2026-06-18,2026-06-25,17,Thursday,2026-06,assistant,2303,False
2026-06-18,2026-06-25,17,Thursday,2026-06,human,233,False
2026-06-18,2026-06-25,17,Thursday,2026-06,assistant,2945,False
2026-06-18,2026-06-25,17,Thursday,2026-06,human,1592,False
2026-06-18,2026-06-25,17,Thursday,2026-06,assistant,1733,False
2026-06-18,2026-06-25,17,Thursday,2026-06,human,127,False
2026-06-18,2026-06-25,17,Thursday,2026-06,assistant,2229,False
2026-06-18,2026-06-25,17,Thursday,2026-06,human,109,False
2026-06-18,2026-06-25,17,Thursday,2026-06,assistant,1857,False
2026-06-18,2026-06-25,18,Thursday,2026-06,human,185,False
2026-06-18,2026-06-25,18,Thursday,2026-06,assistant,3097,False
2026-06-18,2026-06-25,22,Thursday,2026-06,human,133,False
2026-06-18,2026-06-25,22,Thursday,2026-06,assistant,1907,False
2026-06-18,2026-06-30,0,Tuesday,2026-06,human,177,False
2026-06-18,2026-06-30,0,Tuesday,2026-06,assistant,2060,False
2026-06-18,2026-06-30,0,Tuesday,2026-06,human,190,False
2026-06-18,2026-06-30,0,Tuesday,2026-06,assistant,2318,False
2026-06-18,2026-06-30,17,Tuesday,2026-06,human,703,False
2026-06-18,2026-06-30,17,Tuesday,2026-06,assistant,3514,False
2026-06-18,2026-06-30,17,Tuesday,2026-06,human,157,False
2026-06-18,2026-06-30,17,Tuesday,2026-06,assistant,711,False
2026-06-18,2026-06-30,17,Tuesday,2026-06,human,157,False
2026-06-18,2026-06-30,17,Tuesday,2026-06,assistant,2137,False
2026-06-18,2026-06-30,18,Tuesday,2026-06,human,214,False
2026-06-18,2026-06-30,18,Tuesday,2026-06,assistant,2493,False
2026-06-18,2026-06-30,18,Tuesday,2026-06,human,204,False
2026-06-18,2026-06-30,18,Tuesday,2026-06,assistant,2467,False
2026-06-18,2026-07-06,14,Monday,2026-07,human,1043,False
2026-06-18,2026-07-06,14,Monday,2026-07,assistant,2844,False
2026-06-18,2026-07-07,0,Tuesday,2026-07,human,1992,False
2026-06-18,2026-07-07,0,Tuesday,2026-07,assistant,8996,False
2026-06-18,2026-07-07,0,Tuesday,2026-07,human,264,False
2026-06-18,2026-07-07,0,Tuesday,2026-07,assistant,6896,False
2026-06-18,2026-07-07,0,Tuesday,2026-07,human,681,False
2026-06-18,2026-07-07,0,Tuesday,2026-07,assistant,6428,False
2026-06-18,2026-07-07,0,Tuesday,2026-07,human,202,False
2026-06-18,2026-07-07,0,Tuesday,2026-07,assistant,3698,False
2026-06-18,2026-07-07,0,Tuesday,2026-07,human,340,False
2026-06-18,2026-07-07,0,Tuesday,2026-07,assistant,3838,False
2026-06-18,2026-07-07,0,Tuesday,2026-07,human,1487,False
2026-06-18,2026-07-07,0,Tuesday,2026-07,assistant,3836,False
2026-06-18,2026-07-07,22,Tuesday,2026-07,human,170,False
2026-06-18,2026-07-07,22,Tuesday,2026-07,assistant,307,False
2026-06-18,2026-07-08,18,Wednesday,2026-07,human,970,True
2026-06-18,2026-07-08,18,Wednesday,2026-07,assistant,24327,False
2026-06-18,2026-07-08,18,Wednesday,2026-07,human,345,True
2026-06-18,2026-07-08,18,Wednesday,2026-07,assistant,6666,False
2026-06-18,2026-07-08,19,Wednesday,2026-07,human,846,False
2026-06-18,2026-07-08,19,Wednesday,2026-07,assistant,4075,False
2026-06-18,2026-07-08,19,Wednesday,2026-07,human,553,False
2026-06-18,2026-07-08,19,Wednesday,2026-07,assistant,1113,False
2026-06-18,2026-07-08,21,Wednesday,2026-07,human,111,False
2026-06-18,2026-07-08,21,Wednesday,2026-07,assistant,1046,False
2026-06-18,2026-07-10,22,Friday,2026-07,human,247,True
2026-06-18,2026-07-10,22,Friday,2026-07,assistant,3061,False
2026-06-18,2026-07-10,23,Friday,2026-07,human,423,False
2026-06-18,2026-07-10,23,Friday,2026-07,assistant,1403,False
2026-06-18,2026-07-10,23,Friday,2026-07,human,74,False
2026-06-18,2026-07-10,23,Friday,2026-07,assistant,2919,False
2026-06-18,2026-07-11,17,Saturday,2026-07,human,1237,False
2026-06-18,2026-07-11,17,Saturday,2026-07,assistant,2121,False
2026-06-18,2026-07-11,17,Saturday,2026-07,human,163,False
2026-06-18,2026-07-11,17,Saturday,2026-07,assistant,2396,False
2026-06-18,2026-07-11,17,Saturday,2026-07,human,732,False
2026-06-18,2026-07-11,17,Saturday,2026-07,assistant,2526,False
2026-06-18,2026-07-11,17,Saturday,2026-07,human,316,False
2026-06-18,2026-07-11,17,Saturday,2026-07,assistant,1457,False
2026-06-18,2026-07-16,23,Thursday,2026-07,human,176,False
2026-06-18,2026-07-16,23,Thursday,2026-07,assistant,1965,False
2026-06-18,2026-07-16,23,Thursday,2026-07,human,124,False
2026-06-18,2026-07-16,23,Thursday,2026-07,assistant,2980,False
2026-06-18,2026-07-17,15,Friday,2026-07,human,216,False
2026-06-18,2026-07-17,15,Friday,2026-07,assistant,1878,False
2026-06-18,2026-07-29,13,Wednesday,2026-07,human,485,True
2026-06-18,2026-07-29,13,Wednesday,2026-07,assistant,3019,False
2026-06-18,2026-07-29,13,Wednesday,2026-07,human,208,False
2026-06-18,2026-07-29,13,Wednesday,2026-07,assistant,1146,False
2026-06-18,2026-08-03,15,Monday,2026-08,human,101,True
2026-06-18,2026-08-03,15,Monday,2026-08,assistant,2620,False
2026-06-18,2026-08-10,0,Monday,2026-08,human,52,False
2026-06-18,2026-08-10,0,Monday,2026-08,assistant,1363,False
2026-06-20,2026-06-20,18,Saturday,2026-06,human,670,True
2026-06-20,2026-06-20,18,Saturday,2026-06,assistant,10890,True
2026-06-20,2026-06-20,18,Saturday,2026-06,human,58,False
2026-06-20,2026-06-20,18,Saturday,2026-06,assistant,3328,False
2026-06-20,2026-06-20,18,Saturday,2026-06,human,78,False
2026-06-20,2026-06-20,18,Saturday,2026-06,assistant,2614,False
2026-06-20,2026-06-20,18,Saturday,2026-06,human,288,True
2026-06-20,2026-06-20,18,Saturday,2026-06,assistant,9018,False
2026-06-20,2026-06-20,23,Saturday,2026-06,human,644,True
2026-06-20,2026-06-20,23,Saturday,2026-06,assistant,611,False
2026-06-20,2026-06-20,23,Saturday,2026-06,human,47,True
2026-06-20,2026-06-20,23,Saturday,2026-06,assistant,2175,False
2026-06-20,2026-06-20,23,Saturday,2026-06,human,20,True
2026-06-20,2026-06-20,23,Saturday,2026-06,assistant,6831,False
2026-06-20,2026-06-20,23,Saturday,2026-06,human,866,False
2026-06-20,2026-06-20,23,Saturday,2026-06,assistant,3205,False
2026-06-20,2026-06-20,23,Saturday,2026-06,human,799,False
2026-06-20,2026-06-20,23,Saturday,2026-06,assistant,2290,False
2026-06-20,2026-06-20,23,Saturday,2026-06,human,342,True
2026-06-20,2026-06-20,23,Saturday,2026-06,assistant,12370,True
2026-06-20,2026-06-21,0,Sunday,2026-06,human,137,False
2026-06-20,2026-06-21,0,Sunday,2026-06,assistant,3491,True
2026-06-20,2026-06-21,0,Sunday,2026-06,human,31,False
2026-06-20,2026-06-21,0,Sunday,2026-06,assistant,363,False
2026-06-20,2026-06-21,0,Sunday,2026-06,human,1854,False
2026-06-20,2026-06-21,0,Sunday,2026-06,assistant,5763,False
2026-06-20,2026-06-21,0,Sunday,2026-06,human,129,False
2026-06-20,2026-06-21,0,Sunday,2026-06,assistant,1290,False
2026-06-20,2026-06-21,0,Sunday,2026-06,human,103,False
2026-06-20,2026-06-21,0,Sunday,2026-06,assistant,207,False
2026-06-20,2026-06-21,0,Sunday,2026-06,human,248,False
2026-06-20,2026-06-21,0,Sunday,2026-06,assistant,914,False
2026-06-20,2026-06-21,0,Sunday,2026-06,human,1782,False
2026-06-20,2026-06-21,0,Sunday,2026-06,assistant,1502,False
2026-06-20,2026-06-20,19,Saturday,2026-06,human,127,True
2026-06-20,2026-06-20,19,Saturday,2026-06,assistant,3984,False
2026-06-21,2026-06-21,19,Sunday,2026-06,human,149,True
2026-06-21,2026-06-21,19,Sunday,2026-06,assistant,5737,False
2026-06-21,2026-06-24,23,Wednesday,2026-06,human,217,False
2026-06-21,2026-06-24,23,Wednesday,2026-06,assistant,3779,False
2026-06-21,2026-06-24,23,Wednesday,2026-06,human,53,False
2026-06-21,2026-06-24,23,Wednesday,2026-06,assistant,1135,False
2026-06-21,2026-06-25,1,Thursday,2026-06,human,234,False
2026-06-21,2026-06-25,1,Thursday,2026-06,assistant,4111,False
2026-06-21,2026-06-25,1,Thursday,2026-06,human,48,False
2026-06-21,2026-06-25,1,Thursday,2026-06,assistant,569,False
2026-06-21,2026-06-25,1,Thursday,2026-06,human,323,False
2026-06-21,2026-06-25,1,Thursday,2026-06,assistant,1940,False
2026-06-21,2026-06-25,1,Thursday,2026-06,human,353,False
2026-06-21,2026-06-25,1,Thursday,2026-06,assistant,2166,False
2026-06-21,2026-06-25,1,Thursday,2026-06,human,681,False
2026-06-21,2026-06-25,1,Thursday,2026-06,assistant,3040,False
2026-06-21,2026-06-25,2,Thursday,2026-06,human,336,False
2026-06-21,2026-06-25,2,Thursday,2026-06,assistant,1888,False
2026-06-21,2026-06-25,2,Thursday,2026-06,human,48,False
2026-06-21,2026-06-25,2,Thursday,2026-06,assistant,462,False
2026-06-21,2026-06-26,14,Friday,2026-06,human,197,True
2026-06-21,2026-06-26,14,Friday,2026-06,assistant,1837,False
2026-06-21,2026-06-26,14,Friday,2026-06,human,56,True
2026-06-21,2026-06-26,14,Friday,2026-06,assistant,1617,False
2026-06-21,2026-06-29,22,Monday,2026-06,human,136,True
2026-06-21,2026-06-29,22,Monday,2026-06,assistant,3328,False
2026-06-21,2026-06-29,23,Monday,2026-06,human,421,False
2026-06-21,2026-06-29,23,Monday,2026-06,assistant,3096,False
2026-06-21,2026-06-29,23,Monday,2026-06,human,241,False
2026-06-21,2026-06-29,23,Monday,2026-06,assistant,4401,False
2026-06-21,2026-06-30,0,Tuesday,2026-06,human,292,False
2026-06-21,2026-06-30,0,Tuesday,2026-06,assistant,1347,False
2026-06-21,2026-06-30,0,Tuesday,2026-06,human,49,True
2026-06-21,2026-06-30,0,Tuesday,2026-06,assistant,2349,False
2026-06-21,2026-06-30,1,Tuesday,2026-06,human,70,True
2026-06-21,2026-06-30,1,Tuesday,2026-06,assistant,1806,False
2026-06-21,2026-06-30,1,Tuesday,2026-06,human,881,False
2026-06-21,2026-06-30,1,Tuesday,2026-06,assistant,1123,False
2026-06-21,2026-06-30,1,Tuesday,2026-06,human,68,True
2026-06-21,2026-06-30,1,Tuesday,2026-06,assistant,1892,False
2026-06-21,2026-06-30,1,Tuesday,2026-06,human,48,False
2026-06-21,2026-06-30,1,Tuesday,2026-06,assistant,605,False
2026-06-21,2026-06-30,1,Tuesday,2026-06,human,508,False
2026-06-21,2026-06-30,1,Tuesday,2026-06,assistant,1116,False
2026-06-21,2026-06-30,1,Tuesday,2026-06,human,1579,False
2026-06-21,2026-06-30,1,Tuesday,2026-06,assistant,1474,False
2026-06-21,2026-06-30,1,Tuesday,2026-06,human,30,False
2026-06-21,2026-06-30,1,Tuesday,2026-06,assistant,1213,False
2026-06-21,2026-06-30,1,Tuesday,2026-06,human,184,False
2026-06-21,2026-06-30,1,Tuesday,2026-06,assistant,1148,False
2026-06-21,2026-06-30,2,Tuesday,2026-06,human,168,True
2026-06-21,2026-06-30,2,Tuesday,2026-06,assistant,2312,False
2026-06-21,2026-06-30,2,Tuesday,2026-06,human,53,False
2026-06-21,2026-06-30,2,Tuesday,2026-06,assistant,513,False
2026-06-21,2026-06-30,2,Tuesday,2026-06,human,23,False
2026-06-21,2026-06-30,2,Tuesday,2026-06,assistant,1259,False
2026-06-21,2026-06-30,2,Tuesday,2026-06,human,1617,False
2026-06-21,2026-06-30,2,Tuesday,2026-06,assistant,2964,False
2026-06-21,2026-06-30,2,Tuesday,2026-06,human,102,False
2026-06-21,2026-06-30,2,Tuesday,2026-06,assistant,1695,False
2026-06-21,2026-06-30,2,Tuesday,2026-06,human,97,True
2026-06-21,2026-06-30,2,Tuesday,2026-06,assistant,1552,False
2026-06-21,2026-06-30,2,Tuesday,2026-06,human,66,False
2026-06-21,2026-06-30,2,Tuesday,2026-06,assistant,427,False
2026-06-21,2026-07-01,22,Wednesday,2026-07,human,153,False
2026-06-21,2026-07-01,22,Wednesday,2026-07,assistant,1245,False
2026-06-21,2026-07-01,22,Wednesday,2026-07,human,20,True
2026-06-21,2026-07-01,22,Wednesday,2026-07,assistant,821,False
2026-06-21,2026-07-01,22,Wednesday,2026-07,human,421,False
2026-06-21,2026-07-01,22,Wednesday,2026-07,assistant,1282,False
2026-06-21,2026-07-01,22,Wednesday,2026-07,human,159,False
2026-06-21,2026-07-01,22,Wednesday,2026-07,assistant,986,False
2026-06-21,2026-07-01,22,Wednesday,2026-07,human,390,False
2026-06-21,2026-07-01,22,Wednesday,2026-07,assistant,870,False
2026-06-21,2026-07-01,22,Wednesday,2026-07,human,51,False
2026-06-21,2026-07-01,22,Wednesday,2026-07,assistant,358,False
2026-06-21,2026-07-01,22,Wednesday,2026-07,human,1903,False
2026-06-21,2026-07-01,22,Wednesday,2026-07,assistant,1301,False
2026-06-21,2026-07-01,22,Wednesday,2026-07,human,14,False
2026-06-21,2026-07-01,22,Wednesday,2026-07,assistant,467,False
2026-06-21,2026-07-01,23,Wednesday,2026-07,human,2790,False
2026-06-21,2026-07-01,23,Wednesday,2026-07,assistant,1286,False
2026-06-21,2026-07-01,23,Wednesday,2026-07,human,255,False
2026-06-21,2026-07-01,23,Wednesday,2026-07,assistant,140,False
2026-06-21,2026-07-01,23,Wednesday,2026-07,human,236,False
2026-06-21,2026-07-01,23,Wednesday,2026-07,assistant,377,False
2026-06-21,2026-07-01,23,Wednesday,2026-07,human,245,False
2026-06-21,2026-07-01,23,Wednesday,2026-07,assistant,1296,False
2026-06-21,2026-07-01,23,Wednesday,2026-07,human,806,False
2026-06-21,2026-07-01,23,Wednesday,2026-07,assistant,1596,False
2026-06-21,2026-07-01,23,Wednesday,2026-07,human,127,False
2026-06-21,2026-07-01,23,Wednesday,2026-07,assistant,1120,False
2026-06-21,2026-07-01,23,Wednesday,2026-07,human,217,False
2026-06-21,2026-07-01,23,Wednesday,2026-07,assistant,4245,False
2026-06-21,2026-07-01,23,Wednesday,2026-07,human,198,False
2026-06-21,2026-07-01,23,Wednesday,2026-07,assistant,1962,False
2026-06-21,2026-07-01,23,Wednesday,2026-07,human,223,False
2026-06-21,2026-07-01,23,Wednesday,2026-07,assistant,2669,False
2026-06-21,2026-07-01,23,Wednesday,2026-07,human,85,True
2026-06-21,2026-07-01,23,Wednesday,2026-07,assistant,1983,False
2026-06-21,2026-07-01,23,Wednesday,2026-07,human,23,True
2026-06-21,2026-07-01,23,Wednesday,2026-07,assistant,2528,False
2026-06-21,2026-07-01,23,Wednesday,2026-07,human,14,False
2026-06-21,2026-07-01,23,Wednesday,2026-07,assistant,282,False
2026-06-21,2026-07-01,23,Wednesday,2026-07,human,59,False
2026-06-21,2026-07-01,23,Wednesday,2026-07,assistant,170,False
2026-06-21,2026-07-01,23,Wednesday,2026-07,human,156,False
2026-06-21,2026-07-01,23,Wednesday,2026-07,assistant,2084,False
2026-06-21,2026-07-02,0,Thursday,2026-07,human,10,True
2026-06-21,2026-07-02,0,Thursday,2026-07,assistant,1558,False
2026-06-21,2026-07-02,0,Thursday,2026-07,human,23,False
2026-06-21,2026-07-02,0,Thursday,2026-07,assistant,916,False
2026-06-21,2026-07-03,1,Friday,2026-07,human,240,False
2026-06-21,2026-07-03,1,Friday,2026-07,assistant,3262,False
2026-06-21,2026-07-03,1,Friday,2026-07,human,19,True
2026-06-21,2026-07-03,1,Friday,2026-07,assistant,669,False
2026-06-21,2026-07-03,1,Friday,2026-07,human,56,True
2026-06-21,2026-07-03,1,Friday,2026-07,assistant,1640,False
2026-06-21,2026-07-03,1,Friday,2026-07,human,63,False
2026-06-21,2026-07-03,1,Friday,2026-07,assistant,522,False
2026-06-21,2026-07-03,1,Friday,2026-07,human,74,True
2026-06-21,2026-07-03,1,Friday,2026-07,assistant,1344,False
2026-06-21,2026-07-03,1,Friday,2026-07,human,37,True
2026-06-21,2026-07-03,1,Friday,2026-07,assistant,1627,False
2026-06-21,2026-07-03,1,Friday,2026-07,human,90,False
2026-06-21,2026-07-03,1,Friday,2026-07,assistant,1503,False
2026-06-21,2026-07-03,1,Friday,2026-07,human,31,True
2026-06-21,2026-07-03,1,Friday,2026-07,assistant,1014,False
2026-06-21,2026-07-03,2,Friday,2026-07,human,106,True
2026-06-21,2026-07-03,2,Friday,2026-07,assistant,3528,False
2026-06-21,2026-07-04,13,Saturday,2026-07,human,375,False
2026-06-21,2026-07-04,13,Saturday,2026-07,assistant,4276,False
2026-06-21,2026-07-04,13,Saturday,2026-07,human,44,False
2026-06-21,2026-07-04,13,Saturday,2026-07,assistant,3857,False
2026-06-21,2026-07-04,13,Saturday,2026-07,human,104,False
2026-06-21,2026-07-04,13,Saturday,2026-07,assistant,4542,False
2026-06-21,2026-07-04,13,Saturday,2026-07,human,193,False
2026-06-21,2026-07-04,13,Saturday,2026-07,assistant,1110,False
2026-06-21,2026-07-04,14,Saturday,2026-07,human,382,False
2026-06-21,2026-07-04,14,Saturday,2026-07,assistant,2897,False
2026-06-21,2026-07-04,14,Saturday,2026-07,human,112,True
2026-06-21,2026-07-04,14,Saturday,2026-07,assistant,892,False
2026-06-21,2026-07-04,14,Saturday,2026-07,human,249,False
2026-06-21,2026-07-04,14,Saturday,2026-07,assistant,2342,False
2026-06-21,2026-07-04,14,Saturday,2026-07,human,215,False
2026-06-21,2026-07-04,14,Saturday,2026-07,assistant,862,False
2026-06-21,2026-07-04,17,Saturday,2026-07,human,48,True
2026-06-21,2026-07-04,17,Saturday,2026-07,assistant,936,False
2026-06-21,2026-07-04,17,Saturday,2026-07,human,49,True
2026-06-21,2026-07-04,17,Saturday,2026-07,assistant,1998,False
2026-06-21,2026-07-04,17,Saturday,2026-07,human,24,True
2026-06-21,2026-07-04,18,Saturday,2026-07,assistant,1023,False
2026-06-21,2026-07-04,18,Saturday,2026-07,human,797,False
2026-06-21,2026-07-04,18,Saturday,2026-07,assistant,859,False
2026-06-21,2026-07-04,18,Saturday,2026-07,human,36,False
2026-06-21,2026-07-04,18,Saturday,2026-07,assistant,230,False
2026-06-21,2026-07-04,18,Saturday,2026-07,human,54,True
2026-06-21,2026-07-04,18,Saturday,2026-07,assistant,382,False
2026-06-21,2026-07-04,21,Saturday,2026-07,human,90,False
2026-06-21,2026-07-04,21,Saturday,2026-07,assistant,2012,False
2026-06-21,2026-07-05,18,Sunday,2026-07,human,176,False
2026-06-21,2026-07-05,18,Sunday,2026-07,assistant,1904,False
2026-06-21,2026-07-07,1,Tuesday,2026-07,human,176,True
2026-06-21,2026-07-07,1,Tuesday,2026-07,assistant,2875,False
2026-06-21,2026-07-20,22,Monday,2026-07,human,814,False
2026-06-21,2026-07-20,22,Monday,2026-07,assistant,1642,False
2026-06-21,2026-07-20,22,Monday,2026-07,human,58,False
2026-06-21,2026-07-20,22,Monday,2026-07,assistant,653,False
2026-06-21,2026-07-20,22,Monday,2026-07,human,2730,False
2026-06-21,2026-07-20,22,Monday,2026-07,assistant,736,False
2026-06-21,2026-07-20,22,Monday,2026-07,human,33,True
2026-06-21,2026-07-20,22,Monday,2026-07,assistant,597,False
2026-06-21,2026-07-20,22,Monday,2026-07,human,646,False
2026-06-21,2026-07-20,22,Monday,2026-07,assistant,849,False
2026-06-21,2026-07-20,22,Monday,2026-07,human,80,True
2026-06-21,2026-07-20,22,Monday,2026-07,assistant,1353,False
2026-06-21,2026-07-20,22,Monday,2026-07,human,579,False
2026-06-21,2026-07-20,22,Monday,2026-07,assistant,1150,False
2026-06-21,2026-07-20,22,Monday,2026-07,human,32,True
2026-06-21,2026-07-20,22,Monday,2026-07,assistant,1697,False
2026-06-21,2026-07-20,22,Monday,2026-07,human,70,False
2026-06-21,2026-07-20,22,Monday,2026-07,assistant,1241,False
2026-06-21,2026-07-20,23,Monday,2026-07,human,365,False
2026-06-21,2026-07-20,23,Monday,2026-07,assistant,1666,False
2026-06-21,2026-07-20,23,Monday,2026-07,human,505,False
2026-06-21,2026-07-20,23,Monday,2026-07,assistant,1504,False
2026-06-21,2026-07-20,23,Monday,2026-07,human,442,False
2026-06-21,2026-07-20,23,Monday,2026-07,assistant,1520,False
2026-06-21,2026-07-20,23,Monday,2026-07,human,10,True
2026-06-21,2026-07-20,23,Monday,2026-07,assistant,1549,False
2026-06-21,2026-07-20,23,Monday,2026-07,human,560,False
2026-06-21,2026-07-20,23,Monday,2026-07,assistant,1443,False
2026-06-21,2026-07-20,23,Monday,2026-07,human,36,True
2026-06-21,2026-07-20,23,Monday,2026-07,assistant,2222,False
2026-06-21,2026-07-27,22,Monday,2026-07,human,216,True
2026-06-21,2026-07-27,22,Monday,2026-07,assistant,500,False
2026-06-21,2026-07-27,22,Monday,2026-07,human,49,False
2026-06-21,2026-07-27,22,Monday,2026-07,assistant,40,False
2026-06-21,2026-07-27,22,Monday,2026-07,human,99,True
2026-06-21,2026-07-27,22,Monday,2026-07,assistant,1137,False
2026-06-21,2026-07-27,22,Monday,2026-07,human,13,True
2026-06-21,2026-07-27,22,Monday,2026-07,assistant,1096,False
2026-06-21,2026-07-27,22,Monday,2026-07,human,22,True
2026-06-21,2026-07-27,22,Monday,2026-07,assistant,865,False
2026-06-21,2026-07-27,22,Monday,2026-07,human,37,False
2026-06-21,2026-07-27,22,Monday,2026-07,assistant,259,False
2026-06-21,2026-07-27,23,Monday,2026-07,human,10,True
2026-06-21,2026-07-27,23,Monday,2026-07,assistant,1076,False
2026-06-21,2026-07-27,23,Monday,2026-07,human,51,False
2026-06-21,2026-07-27,23,Monday,2026-07,assistant,187,False
2026-06-21,2026-07-27,23,Monday,2026-07,human,52,True
2026-06-21,2026-07-27,23,Monday,2026-07,assistant,1246,False
2026-06-21,2026-07-27,23,Monday,2026-07,human,647,False
2026-06-21,2026-07-27,23,Monday,2026-07,assistant,505,False
2026-06-21,2026-07-27,23,Monday,2026-07,human,166,True
2026-06-21,2026-07-27,23,Monday,2026-07,assistant,1842,False
2026-06-21,2026-07-27,23,Monday,2026-07,human,542,False
2026-06-21,2026-07-27,23,Monday,2026-07,assistant,824,False
2026-06-21,2026-07-27,23,Monday,2026-07,human,533,False
2026-06-21,2026-07-27,23,Monday,2026-07,assistant,1215,False
2026-06-21,2026-07-27,23,Monday,2026-07,human,15,True
2026-06-21,2026-07-27,23,Monday,2026-07,assistant,1417,False
2026-06-21,2026-07-27,23,Monday,2026-07,human,126,False
2026-06-21,2026-07-27,23,Monday,2026-07,assistant,565,False
2026-06-21,2026-07-27,23,Monday,2026-07,human,179,False
2026-06-21,2026-07-27,23,Monday,2026-07,assistant,3640,False
2026-06-21,2026-07-28,1,Tuesday,2026-07,human,371,True
2026-06-21,2026-07-28,1,Tuesday,2026-07,assistant,5867,False
2026-06-21,2026-07-28,22,Tuesday,2026-07,human,60,True
2026-06-21,2026-07-28,22,Tuesday,2026-07,assistant,733,False
2026-06-21,2026-07-28,22,Tuesday,2026-07,human,217,True
2026-06-21,2026-07-28,22,Tuesday,2026-07,assistant,1725,False
2026-06-21,2026-07-28,22,Tuesday,2026-07,human,42,False
2026-06-21,2026-07-28,22,Tuesday,2026-07,assistant,950,False
2026-06-21,2026-07-28,22,Tuesday,2026-07,human,114,False
2026-06-21,2026-07-28,22,Tuesday,2026-07,assistant,2266,False
2026-06-21,2026-07-28,22,Tuesday,2026-07,human,33,True
2026-06-21,2026-07-28,22,Tuesday,2026-07,assistant,840,False
2026-06-21,2026-07-28,23,Tuesday,2026-07,human,57,True
2026-06-21,2026-07-28,23,Tuesday,2026-07,assistant,969,False
2026-06-21,2026-07-28,23,Tuesday,2026-07,human,1228,False
2026-06-21,2026-07-28,23,Tuesday,2026-07,assistant,961,False
2026-06-21,2026-07-28,23,Tuesday,2026-07,human,58,True
2026-06-21,2026-07-28,23,Tuesday,2026-07,assistant,1987,False
2026-06-21,2026-07-28,23,Tuesday,2026-07,human,7,True
2026-06-21,2026-07-28,23,Tuesday,2026-07,assistant,1343,False
2026-06-21,2026-07-28,23,Tuesday,2026-07,human,133,False
2026-06-21,2026-07-28,23,Tuesday,2026-07,assistant,328,False
2026-06-21,2026-07-28,23,Tuesday,2026-07,human,276,True
2026-06-21,2026-07-28,23,Tuesday,2026-07,assistant,2343,False
2026-06-21,2026-07-28,23,Tuesday,2026-07,human,52,False
2026-06-21,2026-07-28,23,Tuesday,2026-07,assistant,503,False
2026-06-21,2026-07-28,23,Tuesday,2026-07,human,502,False
2026-06-21,2026-07-28,23,Tuesday,2026-07,assistant,955,False
2026-06-21,2026-07-28,23,Tuesday,2026-07,human,66,False
2026-06-21,2026-07-28,23,Tuesday,2026-07,assistant,2044,False
2026-06-21,2026-07-28,23,Tuesday,2026-07,human,661,False
2026-06-21,2026-07-28,23,Tuesday,2026-07,assistant,677,False
2026-06-21,2026-07-28,23,Tuesday,2026-07,human,178,False
2026-06-21,2026-07-28,23,Tuesday,2026-07,assistant,439,False
2026-06-21,2026-07-28,23,Tuesday,2026-07,human,166,True
2026-06-21,2026-07-28,23,Tuesday,2026-07,assistant,3659,False
2026-06-21,2026-07-28,23,Tuesday,2026-07,human,60,False
2026-06-21,2026-07-28,23,Tuesday,2026-07,assistant,1133,False
2026-06-21,2026-07-28,23,Tuesday,2026-07,human,114,False
2026-06-21,2026-07-28,23,Tuesday,2026-07,assistant,665,False
2026-06-21,2026-07-28,23,Tuesday,2026-07,human,130,False
2026-06-21,2026-07-28,23,Tuesday,2026-07,assistant,1699,False
2026-06-21,2026-07-28,23,Tuesday,2026-07,human,91,False
2026-06-21,2026-07-28,23,Tuesday,2026-07,assistant,2342,False
2026-06-21,2026-07-28,23,Tuesday,2026-07,human,111,False
2026-06-21,2026-07-28,23,Tuesday,2026-07,assistant,725,False
2026-06-21,2026-07-28,23,Tuesday,2026-07,human,671,False
2026-06-21,2026-07-28,23,Tuesday,2026-07,assistant,480,False
2026-06-21,2026-07-29,0,Wednesday,2026-07,human,66,False
2026-06-21,2026-07-29,0,Wednesday,2026-07,assistant,1964,False
2026-06-21,2026-07-29,0,Wednesday,2026-07,human,1801,False
2026-06-21,2026-07-29,0,Wednesday,2026-07,assistant,2978,False
2026-06-21,2026-07-29,0,Wednesday,2026-07,human,1043,False
2026-06-21,2026-07-29,0,Wednesday,2026-07,assistant,2057,False
2026-06-21,2026-07-29,0,Wednesday,2026-07,human,22,False
2026-06-21,2026-07-29,0,Wednesday,2026-07,assistant,1587,False
2026-06-21,2026-08-03,23,Monday,2026-08,human,266,False
2026-06-21,2026-08-03,23,Monday,2026-08,assistant,357,False
2026-06-21,2026-08-03,23,Monday,2026-08,human,702,False
2026-06-21,2026-08-03,23,Monday,2026-08,assistant,375,False
2026-06-21,2026-08-03,23,Monday,2026-08,human,24,True
2026-06-21,2026-08-03,23,Monday,2026-08,assistant,621,False
2026-06-21,2026-08-03,23,Monday,2026-08,human,26,False
2026-06-21,2026-08-03,23,Monday,2026-08,assistant,826,False
2026-06-21,2026-08-03,23,Monday,2026-08,human,319,False
2026-06-21,2026-08-03,23,Monday,2026-08,assistant,708,False
2026-06-21,2026-08-03,23,Monday,2026-08,human,171,False
2026-06-21,2026-08-03,23,Monday,2026-08,assistant,446,False
2026-06-21,2026-08-03,23,Monday,2026-08,human,17,True
2026-06-21,2026-08-03,23,Monday,2026-08,assistant,391,False
2026-06-21,2026-08-03,23,Monday,2026-08,human,341,False
2026-06-21,2026-08-03,23,Monday,2026-08,assistant,1076,False
2026-06-21,2026-08-03,23,Monday,2026-08,human,237,False
2026-06-21,2026-08-03,23,Monday,2026-08,assistant,619,False
2026-06-21,2026-08-03,23,Monday,2026-08,human,16,True
2026-06-21,2026-08-03,23,Monday,2026-08,assistant,479,False
2026-06-21,2026-08-03,23,Monday,2026-08,human,1306,False
2026-06-21,2026-08-03,23,Monday,2026-08,assistant,417,False
2026-06-21,2026-08-03,23,Monday,2026-08,human,291,False
2026-06-21,2026-08-03,23,Monday,2026-08,assistant,984,False
2026-06-21,2026-08-03,23,Monday,2026-08,human,301,False
2026-06-21,2026-08-03,23,Monday,2026-08,assistant,492,False
2026-06-21,2026-08-03,23,Monday,2026-08,human,26,True
2026-06-21,2026-08-03,23,Monday,2026-08,assistant,574,False
2026-06-21,2026-08-03,23,Monday,2026-08,human,52,True
2026-06-21,2026-08-03,23,Monday,2026-08,assistant,2032,False
2026-06-21,2026-08-03,23,Monday,2026-08,human,80,False
2026-06-21,2026-08-03,23,Monday,2026-08,assistant,434,False
2026-06-21,2026-08-04,1,Tuesday,2026-08,human,273,False
2026-06-21,2026-08-04,1,Tuesday,2026-08,assistant,489,False
2026-06-21,2026-08-04,1,Tuesday,2026-08,human,48,True
2026-06-21,2026-08-04,1,Tuesday,2026-08,assistant,1303,False
2026-06-21,2026-08-04,1,Tuesday,2026-08,human,22,False
2026-06-21,2026-08-04,1,Tuesday,2026-08,assistant,544,False
2026-06-21,2026-08-04,1,Tuesday,2026-08,human,13,False
2026-06-21,2026-08-04,1,Tuesday,2026-08,assistant,554,False
2026-06-21,2026-08-04,1,Tuesday,2026-08,human,232,False
2026-06-21,2026-08-04,1,Tuesday,2026-08,assistant,498,False
2026-06-21,2026-08-04,1,Tuesday,2026-08,human,15,True
2026-06-21,2026-08-04,1,Tuesday,2026-08,assistant,709,False
2026-06-21,2026-08-04,1,Tuesday,2026-08,human,1182,False
2026-06-21,2026-08-04,1,Tuesday,2026-08,assistant,643,False
2026-06-21,2026-08-04,1,Tuesday,2026-08,human,201,False
2026-06-21,2026-08-04,1,Tuesday,2026-08,assistant,256,False
2026-06-21,2026-08-04,1,Tuesday,2026-08,human,318,False
2026-06-21,2026-08-04,1,Tuesday,2026-08,assistant,438,False
2026-06-21,2026-08-04,1,Tuesday,2026-08,human,48,True
2026-06-21,2026-08-04,1,Tuesday,2026-08,assistant,1782,False
2026-06-21,2026-08-04,1,Tuesday,2026-08,human,38,False
2026-06-21,2026-08-04,1,Tuesday,2026-08,assistant,1074,False
2026-06-21,2026-08-04,2,Tuesday,2026-08,human,138,False
2026-06-21,2026-08-04,2,Tuesday,2026-08,assistant,630,False
2026-06-21,2026-08-04,2,Tuesday,2026-08,human,1,True
2026-06-21,2026-08-04,2,Tuesday,2026-08,assistant,580,False
2026-06-21,2026-08-04,2,Tuesday,2026-08,human,392,False
2026-06-21,2026-08-04,2,Tuesday,2026-08,assistant,413,False
2026-06-21,2026-08-04,2,Tuesday,2026-08,human,80,False
2026-06-21,2026-08-04,2,Tuesday,2026-08,assistant,1053,False
2026-06-21,2026-08-04,2,Tuesday,2026-08,human,0,True
2026-06-21,2026-08-04,2,Tuesday,2026-08,assistant,770,False
2026-06-21,2026-08-04,2,Tuesday,2026-08,human,84,True
2026-06-21,2026-08-04,2,Tuesday,2026-08,assistant,1420,False
2026-06-21,2026-08-04,2,Tuesday,2026-08,human,76,True
2026-06-21,2026-08-04,2,Tuesday,2026-08,assistant,759,False
2026-06-21,2026-08-05,22,Wednesday,2026-08,human,512,False
2026-06-21,2026-08-05,22,Wednesday,2026-08,assistant,986,False
2026-06-21,2026-08-05,22,Wednesday,2026-08,human,139,False
2026-06-21,2026-08-05,22,Wednesday,2026-08,assistant,752,False
2026-06-21,2026-08-06,1,Thursday,2026-08,human,103,False
2026-06-21,2026-08-06,1,Thursday,2026-08,assistant,1175,False
2026-06-21,2026-08-06,1,Thursday,2026-08,human,15,True
2026-06-21,2026-08-06,1,Thursday,2026-08,assistant,2182,False
2026-06-21,2026-08-06,1,Thursday,2026-08,human,10,True
2026-06-21,2026-08-06,1,Thursday,2026-08,assistant,2970,False
2026-06-21,2026-08-06,1,Thursday,2026-08,human,36,True
2026-06-21,2026-08-06,1,Thursday,2026-08,assistant,2616,False
2026-06-21,2026-08-12,23,Wednesday,2026-08,human,150,False
2026-06-21,2026-08-12,23,Wednesday,2026-08,assistant,707,False
2026-06-21,2026-08-12,23,Wednesday,2026-08,human,228,False
2026-06-21,2026-08-12,23,Wednesday,2026-08,assistant,1183,False
2026-06-21,2026-08-12,23,Wednesday,2026-08,human,177,True
2026-06-21,2026-08-12,23,Wednesday,2026-08,assistant,1482,False
2026-06-21,2026-08-12,23,Wednesday,2026-08,human,22,False
2026-06-21,2026-08-12,23,Wednesday,2026-08,assistant,5198,False
2026-06-22,2026-06-22,16,Monday,2026-06,human,58,False
2026-06-22,2026-06-22,16,Monday,2026-06,assistant,54,False
2026-06-23,2026-06-23,21,Tuesday,2026-06,human,380,False
2026-06-23,2026-06-23,21,Tuesday,2026-06,assistant,2089,False
2026-06-23,2026-06-23,21,Tuesday,2026-06,human,80,False
2026-06-23,2026-06-23,21,Tuesday,2026-06,assistant,545,False
2026-06-23,2026-06-23,23,Tuesday,2026-06,human,193,True
2026-06-23,2026-06-23,23,Tuesday,2026-06,assistant,10171,False
2026-06-23,2026-06-23,23,Tuesday,2026-06,human,68,False
2026-06-23,2026-06-23,23,Tuesday,2026-06,assistant,4542,False
2026-06-23,2026-06-23,23,Tuesday,2026-06,human,22,False
2026-06-23,2026-06-23,23,Tuesday,2026-06,assistant,1162,False
2026-06-23,2026-06-23,23,Tuesday,2026-06,human,112,False
2026-06-23,2026-06-24,0,Wednesday,2026-06,assistant,6612,False
2026-06-24,2026-06-24,14,Wednesday,2026-06,human,419,False
2026-06-24,2026-06-24,14,Wednesday,2026-06,assistant,18458,False
2026-06-24,2026-06-24,14,Wednesday,2026-06,human,383,False
2026-06-24,2026-06-24,14,Wednesday,2026-06,assistant,2492,False
2026-06-24,2026-06-24,14,Wednesday,2026-06,human,239,True
2026-06-24,2026-06-24,14,Wednesday,2026-06,assistant,11483,False
2026-06-24,2026-06-24,14,Wednesday,2026-06,human,200,False
2026-06-24,2026-06-24,14,Wednesday,2026-06,assistant,1275,False
2026-06-24,2026-06-24,14,Wednesday,2026-06,human,129,False
2026-06-24,2026-06-24,14,Wednesday,2026-06,assistant,1549,False
2026-06-24,2026-06-24,14,Wednesday,2026-06,human,133,False
2026-06-24,2026-06-24,14,Wednesday,2026-06,assistant,1099,False
2026-06-24,2026-06-25,21,Thursday,2026-06,human,340,False
2026-06-24,2026-06-25,21,Thursday,2026-06,assistant,4297,False
2026-06-24,2026-06-25,21,Thursday,2026-06,human,295,False
2026-06-24,2026-06-25,21,Thursday,2026-06,assistant,2006,False
2026-06-24,2026-06-25,21,Thursday,2026-06,human,57,False
2026-06-24,2026-06-25,21,Thursday,2026-06,assistant,1187,False
2026-06-24,2026-06-25,21,Thursday,2026-06,human,69,True
2026-06-24,2026-06-25,21,Thursday,2026-06,assistant,1507,False
2026-06-24,2026-06-24,18,Wednesday,2026-06,human,326,False
2026-06-24,2026-06-24,18,Wednesday,2026-06,assistant,18147,False
2026-06-24,2026-06-24,20,Wednesday,2026-06,human,1168,True
2026-06-24,2026-06-24,20,Wednesday,2026-06,assistant,3020,False
2026-06-24,2026-06-24,20,Wednesday,2026-06,human,63,False
2026-06-24,2026-06-24,20,Wednesday,2026-06,assistant,2036,False
2026-06-24,2026-06-24,22,Wednesday,2026-06,human,118,True
2026-06-24,2026-06-24,22,Wednesday,2026-06,assistant,2854,False
2026-06-24,2026-06-24,22,Wednesday,2026-06,human,99,False
2026-06-24,2026-06-24,22,Wednesday,2026-06,assistant,2927,False
2026-06-24,2026-06-24,22,Wednesday,2026-06,human,124,True
2026-06-24,2026-06-24,22,Wednesday,2026-06,assistant,2067,False
2026-06-24,2026-06-24,22,Wednesday,2026-06,human,74,False
2026-06-24,2026-06-24,22,Wednesday,2026-06,assistant,4570,False
2026-06-24,2026-06-24,22,Wednesday,2026-06,human,93,False
2026-06-24,2026-06-24,22,Wednesday,2026-06,assistant,3178,False
2026-08-14,2026-08-14,1,Friday,2026-08,human,1739,False
2026-08-14,2026-08-14,1,Friday,2026-08,assistant,1311,False
2026-08-14,2026-08-14,1,Friday,2026-08,human,37,True
2026-08-14,2026-08-14,1,Friday,2026-08,assistant,990,False
2026-08-14,2026-08-18,21,Tuesday,2026-08,human,43,True
2026-08-14,2026-08-18,21,Tuesday,2026-08,assistant,918,False
2026-08-14,2026-08-18,21,Tuesday,2026-08,human,120,False
2026-08-14,2026-08-18,21,Tuesday,2026-08,assistant,1299,False
2026-08-14,2026-08-18,21,Tuesday,2026-08,human,158,False
2026-08-14,2026-08-18,21,Tuesday,2026-08,assistant,1232,False
2026-08-14,2026-08-18,21,Tuesday,2026-08,human,215,False
2026-08-14,2026-08-18,21,Tuesday,2026-08,assistant,801,False
2026-08-13,2026-08-13,19,Thursday,2026-08,human,488,False
2026-08-13,2026-08-13,19,Thursday,2026-08,assistant,2082,False
2026-08-13,2026-08-13,19,Thursday,2026-08,human,181,False
2026-08-13,2026-08-13,19,Thursday,2026-08,assistant,1282,False
2026-08-11,2026-08-11,22,Tuesday,2026-08,human,75,True
2026-08-11,2026-08-11,22,Tuesday,2026-08,assistant,3550,False
2026-08-11,2026-08-11,23,Tuesday,2026-08,human,163,False
2026-08-11,2026-08-11,23,Tuesday,2026-08,assistant,585,False
2026-08-11,2026-08-11,23,Tuesday,2026-08,human,228,False
2026-08-11,2026-08-11,23,Tuesday,2026-08,assistant,501,False
2026-08-11,2026-08-11,23,Tuesday,2026-08,human,762,True
2026-08-11,2026-08-11,23,Tuesday,2026-08,assistant,67,False
2026-08-11,2026-08-11,23,Tuesday,2026-08,human,0,True
2026-08-11,2026-08-11,23,Tuesday,2026-08,assistant,1800,False
2026-08-11,2026-08-11,23,Tuesday,2026-08,human,16,True
2026-08-11,2026-08-11,23,Tuesday,2026-08,assistant,962,False
2026-08-11,2026-08-11,23,Tuesday,2026-08,human,1703,True
2026-08-11,2026-08-11,23,Tuesday,2026-08,assistant,2338,False
2026-08-11,2026-08-12,0,Wednesday,2026-08,human,24,False
2026-08-11,2026-08-12,0,Wednesday,2026-08,assistant,1422,False
2026-08-11,2026-08-12,0,Wednesday,2026-08,human,40,False
2026-08-11,2026-08-12,0,Wednesday,2026-08,assistant,410,False
2026-08-11,2026-08-12,0,Wednesday,2026-08,human,59,False
2026-08-11,2026-08-12,0,Wednesday,2026-08,assistant,441,False
2026-08-11,2026-08-12,0,Wednesday,2026-08,human,842,False
2026-08-11,2026-08-12,0,Wednesday,2026-08,assistant,404,False
2026-08-11,2026-08-12,0,Wednesday,2026-08,human,21,False
2026-08-11,2026-08-12,0,Wednesday,2026-08,assistant,599,False
2026-08-11,2026-08-12,0,Wednesday,2026-08,human,0,True
2026-08-11,2026-08-12,0,Wednesday,2026-08,assistant,642,False
2026-08-11,2026-08-12,13,Wednesday,2026-08,human,0,True
2026-08-11,2026-08-12,13,Wednesday,2026-08,assistant,349,False
2026-08-11,2026-08-12,13,Wednesday,2026-08,human,19,False
2026-08-11,2026-08-12,13,Wednesday,2026-08,assistant,501,False
2026-08-11,2026-08-12,13,Wednesday,2026-08,human,860,True
2026-08-11,2026-08-12,13,Wednesday,2026-08,assistant,477,False
2026-08-11,2026-08-12,13,Wednesday,2026-08,human,31,False
2026-08-11,2026-08-12,13,Wednesday,2026-08,assistant,165,False
2026-08-11,2026-08-12,13,Wednesday,2026-08,human,0,True
2026-08-11,2026-08-12,13,Wednesday,2026-08,assistant,441,False
2026-08-11,2026-08-12,13,Wednesday,2026-08,human,43,True
2026-08-11,2026-08-12,13,Wednesday,2026-08,assistant,461,False
2026-08-11,2026-08-12,13,Wednesday,2026-08,human,35,True
2026-08-11,2026-08-12,13,Wednesday,2026-08,assistant,351,False
2026-08-11,2026-08-12,14,Wednesday,2026-08,human,107,False
2026-08-11,2026-08-12,14,Wednesday,2026-08,assistant,215,False
2026-08-09,2026-08-09,18,Sunday,2026-08,human,153,True
2026-08-09,2026-08-09,18,Sunday,2026-08,assistant,1032,False
2026-08-09,2026-08-09,18,Sunday,2026-08,human,16,True
2026-08-09,2026-08-09,18,Sunday,2026-08,assistant,628,False
2026-08-09,2026-08-09,18,Sunday,2026-08,human,40,False
2026-08-09,2026-08-09,18,Sunday,2026-08,assistant,270,False
2026-08-09,2026-08-09,18,Sunday,2026-08,human,14,True
2026-08-09,2026-08-09,18,Sunday,2026-08,assistant,327,False
2026-08-02,2026-08-02,0,Sunday,2026-08,human,5110,False
2026-08-02,2026-08-02,0,Sunday,2026-08,assistant,6788,False
2026-08-02,2026-08-02,0,Sunday,2026-08,human,159,False
2026-08-02,2026-08-02,0,Sunday,2026-08,assistant,3130,False
2026-08-02,2026-08-02,0,Sunday,2026-08,human,78,False
2026-08-02,2026-08-02,1,Sunday,2026-08,assistant,2373,False
2026-08-02,2026-08-02,1,Sunday,2026-08,human,125,False
2026-08-02,2026-08-02,1,Sunday,2026-08,assistant,1215,False
2026-08-02,2026-08-02,1,Sunday,2026-08,human,59,False
2026-08-02,2026-08-02,1,Sunday,2026-08,assistant,1271,False
2026-08-02,2026-08-02,1,Sunday,2026-08,human,115,False
2026-08-02,2026-08-02,1,Sunday,2026-08,assistant,1603,False
2026-08-02,2026-08-02,1,Sunday,2026-08,human,159,True
2026-08-02,2026-08-02,1,Sunday,2026-08,assistant,922,False
2026-08-02,2026-08-02,1,Sunday,2026-08,human,2141,False
2026-08-02,2026-08-02,1,Sunday,2026-08,assistant,4019,False
2026-08-02,2026-08-02,2,Sunday,2026-08,human,599,False
2026-08-02,2026-08-02,2,Sunday,2026-08,assistant,1370,False
2026-08-02,2026-08-02,2,Sunday,2026-08,human,550,False
2026-08-02,2026-08-02,2,Sunday,2026-08,assistant,2861,False
2026-08-02,2026-08-02,2,Sunday,2026-08,human,193,False
2026-08-02,2026-08-02,2,Sunday,2026-08,assistant,1018,False
2026-08-02,2026-08-02,2,Sunday,2026-08,human,111,False
2026-08-02,2026-08-02,2,Sunday,2026-08,assistant,926,False
2026-08-02,2026-08-02,2,Sunday,2026-08,human,346,False
2026-08-02,2026-08-02,2,Sunday,2026-08,assistant,899,False
2026-08-02,2026-08-02,2,Sunday,2026-08,human,205,False
2026-08-02,2026-08-02,2,Sunday,2026-08,assistant,576,False
2026-08-02,2026-08-02,14,Sunday,2026-08,human,130,False
2026-08-02,2026-08-02,14,Sunday,2026-08,assistant,1069,False
2026-08-02,2026-08-02,14,Sunday,2026-08,human,182,False
2026-08-02,2026-08-02,14,Sunday,2026-08,assistant,1190,False
2026-08-02,2026-08-03,22,Monday,2026-08,human,189,True
2026-08-02,2026-08-03,22,Monday,2026-08,assistant,2651,False
2026-08-02,2026-08-04,12,Tuesday,2026-08,human,324,True
2026-08-02,2026-08-04,12,Tuesday,2026-08,assistant,1462,False
2026-08-02,2026-08-05,15,Wednesday,2026-08,human,191,False
2026-08-02,2026-08-05,15,Wednesday,2026-08,assistant,965,False
2026-08-01,2026-08-01,13,Saturday,2026-08,human,301,True
2026-08-01,2026-08-01,13,Saturday,2026-08,assistant,1272,False
2026-07-31,2026-07-31,17,Friday,2026-07,human,212,True
2026-07-31,2026-07-31,17,Friday,2026-07,assistant,1386,False
2026-07-31,2026-07-31,17,Friday,2026-07,human,222,False
2026-07-31,2026-07-31,17,Friday,2026-07,assistant,2940,False
2026-07-31,2026-07-31,17,Friday,2026-07,human,128,False
2026-07-31,2026-07-31,17,Friday,2026-07,assistant,2693,False
2026-07-31,2026-08-03,18,Monday,2026-08,human,157,True
2026-07-31,2026-08-03,18,Monday,2026-08,assistant,2236,False
2026-07-31,2026-08-03,18,Monday,2026-08,human,30,True
2026-07-31,2026-08-03,18,Monday,2026-08,assistant,1143,False
2026-07-31,2026-08-06,1,Thursday,2026-08,human,245,True
2026-07-31,2026-08-06,1,Thursday,2026-08,assistant,2347,False
2026-07-31,2026-08-06,1,Thursday,2026-08,human,25,False
2026-07-31,2026-08-06,1,Thursday,2026-08,assistant,1214,False
2026-07-31,2026-08-12,23,Wednesday,2026-08,human,506,False
2026-07-31,2026-08-12,23,Wednesday,2026-08,assistant,315,False
2026-07-31,2026-08-12,23,Wednesday,2026-08,human,209,False
2026-07-31,2026-08-12,23,Wednesday,2026-08,assistant,281,False
2026-07-31,2026-08-12,23,Wednesday,2026-08,human,13,False
2026-07-31,2026-08-12,23,Wednesday,2026-08,assistant,2363,False
2026-07-30,2026-07-30,23,Thursday,2026-07,human,202,False
2026-07-30,2026-07-30,23,Thursday,2026-07,assistant,3239,False
2026-07-30,2026-07-30,23,Thursday,2026-07,human,196,False
2026-07-30,2026-07-30,23,Thursday,2026-07,assistant,1368,False
2026-07-30,2026-08-02,23,Sunday,2026-08,human,99,False
2026-07-30,2026-08-02,23,Sunday,2026-08,assistant,2774,False
2026-07-30,2026-08-02,23,Sunday,2026-08,human,663,False
2026-07-30,2026-08-02,23,Sunday,2026-08,assistant,249,False
2026-07-30,2026-08-03,0,Monday,2026-08,human,196,False
2026-07-30,2026-08-03,0,Monday,2026-08,assistant,2489,False
2026-07-30,2026-08-04,18,Tuesday,2026-08,human,407,False
2026-07-30,2026-08-04,18,Tuesday,2026-08,assistant,398,False
2026-07-30,2026-08-04,19,Tuesday,2026-08,human,2826,True
2026-07-30,2026-08-04,19,Tuesday,2026-08,assistant,4265,False
2026-07-30,2026-07-30,23,Thursday,2026-07,human,2038,False
2026-07-30,2026-07-30,23,Thursday,2026-07,assistant,1175,False
2026-07-30,2026-07-30,23,Thursday,2026-07,human,3200,False
2026-07-30,2026-07-30,23,Thursday,2026-07,assistant,1632,False
2026-07-30,2026-07-30,23,Thursday,2026-07,human,161,False
2026-07-30,2026-07-30,23,Thursday,2026-07,assistant,2192,False
2026-07-30,2026-07-30,23,Thursday,2026-07,human,2345,False
2026-07-30,2026-07-30,23,Thursday,2026-07,assistant,1223,False
2026-07-30,2026-08-02,19,Sunday,2026-08,human,417,False
2026-07-30,2026-08-02,19,Sunday,2026-08,assistant,1888,False
2026-07-30,2026-08-06,12,Thursday,2026-08,human,1508,False
2026-07-30,2026-08-06,12,Thursday,2026-08,assistant,289,False
2026-07-30,2026-08-06,23,Thursday,2026-08,human,457,False
2026-07-30,2026-08-06,23,Thursday,2026-08,assistant,907,False
2026-07-30,2026-08-10,21,Monday,2026-08,human,449,True
2026-07-30,2026-08-10,21,Monday,2026-08,assistant,1497,False
2026-07-30,2026-08-10,21,Monday,2026-08,human,411,False
2026-07-30,2026-08-10,21,Monday,2026-08,assistant,415,False
2026-07-30,2026-08-11,0,Tuesday,2026-08,human,379,False
2026-07-30,2026-08-11,0,Tuesday,2026-08,assistant,593,False
2026-07-30,2026-08-11,0,Tuesday,2026-08,human,72,False
2026-07-30,2026-08-11,0,Tuesday,2026-08,assistant,202,False
2026-07-30,2026-08-14,22,Friday,2026-08,human,2675,False
2026-07-30,2026-08-14,22,Friday,2026-08,assistant,734,False
2026-07-29,2026-07-29,0,Wednesday,2026-07,human,173,True
2026-07-29,2026-07-29,0,Wednesday,2026-07,assistant,3158,False
2026-07-29,2026-07-29,0,Wednesday,2026-07,human,4264,False
2026-07-29,2026-07-29,0,Wednesday,2026-07,assistant,1801,False
2026-07-27,2026-07-27,15,Monday,2026-07,human,570,False
2026-07-27,2026-07-27,15,Monday,2026-07,assistant,1147,False
2026-07-27,2026-07-27,15,Monday,2026-07,human,172,False
2026-07-27,2026-07-27,15,Monday,2026-07,assistant,1704,False
2026-07-27,2026-07-27,16,Monday,2026-07,human,195,False
2026-07-27,2026-07-27,16,Monday,2026-07,assistant,964,False
2026-07-27,2026-07-27,16,Monday,2026-07,human,119,False
2026-07-27,2026-07-27,16,Monday,2026-07,assistant,1367,False
2026-07-27,2026-07-27,12,Monday,2026-07,human,575,False
2026-07-27,2026-07-27,12,Monday,2026-07,assistant,1743,False
2026-07-25,2026-07-25,0,Saturday,2026-07,human,0,False
2026-07-25,2026-07-25,0,Saturday,2026-07,assistant,0,False
2026-07-25,2026-07-25,0,Saturday,2026-07,human,0,False
2026-07-25,2026-07-25,0,Saturday,2026-07,assistant,0,False
2026-07-24,2026-07-24,23,Friday,2026-07,human,1094,False
2026-07-24,2026-07-24,23,Friday,2026-07,assistant,3395,False
2026-07-24,2026-07-24,23,Friday,2026-07,human,88,False
2026-07-24,2026-07-24,23,Friday,2026-07,assistant,3495,False
2026-07-24,2026-07-24,23,Friday,2026-07,human,315,False
2026-07-24,2026-07-24,23,Friday,2026-07,assistant,2744,False
2026-07-24,2026-07-24,23,Friday,2026-07,human,356,True
2026-07-24,2026-07-24,23,Friday,2026-07,assistant,2079,False
2026-07-24,2026-07-25,0,Saturday,2026-07,human,199,False
2026-07-24,2026-07-25,0,Saturday,2026-07,assistant,3689,False
2026-07-24,2026-07-25,0,Saturday,2026-07,human,259,False
2026-07-24,2026-07-25,0,Saturday,2026-07,assistant,2314,False
2026-07-24,2026-07-24,23,Friday,2026-07,human,156,False
2026-07-24,2026-07-24,23,Friday,2026-07,assistant,460,False
2026-07-24,2026-07-24,23,Friday,2026-07,human,486,True
2026-07-24,2026-07-24,23,Friday,2026-07,assistant,1479,False
2026-07-24,2026-07-26,19,Sunday,2026-07,human,910,False
2026-07-24,2026-07-26,19,Sunday,2026-07,assistant,4105,False
2026-07-24,2026-07-26,19,Sunday,2026-07,human,183,True
2026-07-24,2026-07-26,19,Sunday,2026-07,assistant,4259,False
2026-07-24,2026-07-26,19,Sunday,2026-07,human,275,False
2026-07-24,2026-07-26,19,Sunday,2026-07,assistant,4841,False
2026-07-24,2026-07-26,19,Sunday,2026-07,human,164,False
2026-07-24,2026-07-26,19,Sunday,2026-07,assistant,6305,False
2026-07-24,2026-07-24,15,Friday,2026-07,human,0,False
2026-07-24,2026-07-24,15,Friday,2026-07,assistant,0,False
2026-07-24,2026-07-24,15,Friday,2026-07,human,0,False
2026-07-24,2026-07-24,15,Friday,2026-07,assistant,0,False
2026-07-24,2026-07-24,15,Friday,2026-07,human,0,False
2026-07-24,2026-07-24,15,Friday,2026-07,assistant,0,False
2026-07-24,2026-07-24,15,Friday,2026-07,human,0,False
2026-07-24,2026-07-24,15,Friday,2026-07,assistant,0,False
2026-07-24,2026-07-24,16,Friday,2026-07,human,0,False
2026-07-24,2026-07-24,16,Friday,2026-07,assistant,0,False
2026-07-24,2026-07-24,16,Friday,2026-07,human,0,False
2026-07-24,2026-07-24,16,Friday,2026-07,assistant,0,False
2026-07-18,2026-07-18,20,Saturday,2026-07,human,116,False
2026-07-18,2026-07-18,20,Saturday,2026-07,assistant,1583,False
2026-07-18,2026-07-18,14,Saturday,2026-07,human,205,True
2026-07-18,2026-07-18,14,Saturday,2026-07,assistant,1334,False
2026-07-17,2026-07-17,16,Friday,2026-07,human,193,False
2026-07-17,2026-07-17,16,Friday,2026-07,assistant,2681,False
2026-07-17,2026-07-17,16,Friday,2026-07,human,309,False
2026-07-17,2026-07-17,16,Friday,2026-07,assistant,1169,False
2026-07-17,2026-07-17,13,Friday,2026-07,human,1116,False
2026-07-17,2026-07-17,13,Friday,2026-07,assistant,2939,False
2026-07-16,2026-07-16,18,Thursday,2026-07,human,339,True
2026-07-16,2026-07-16,18,Thursday,2026-07,assistant,3223,False
2026-07-16,2026-07-16,18,Thursday,2026-07,human,114,False
2026-07-16,2026-07-16,18,Thursday,2026-07,assistant,2112,False
2026-07-16,2026-07-16,18,Thursday,2026-07,human,64,False
2026-07-16,2026-07-16,18,Thursday,2026-07,assistant,2655,False
2026-07-16,2026-07-16,18,Thursday,2026-07,human,60,False
2026-07-16,2026-07-16,18,Thursday,2026-07,assistant,1025,False
2026-07-16,2026-07-16,18,Thursday,2026-07,human,46,True
2026-07-16,2026-07-16,18,Thursday,2026-07,assistant,2121,False
2026-07-16,2026-07-16,18,Thursday,2026-07,human,14,True
2026-07-16,2026-07-16,18,Thursday,2026-07,assistant,1179,False
2026-07-16,2026-07-16,16,Thursday,2026-07,human,1071,True
2026-07-16,2026-07-16,16,Thursday,2026-07,assistant,16252,False
2026-07-16,2026-07-16,16,Thursday,2026-07,human,187,False
2026-07-16,2026-07-16,16,Thursday,2026-07,assistant,3137,False
2026-07-16,2026-07-16,16,Thursday,2026-07,human,241,False
2026-07-16,2026-07-16,16,Thursday,2026-07,assistant,6421,False
2026-07-16,2026-07-16,16,Thursday,2026-07,human,168,False
2026-07-16,2026-07-16,16,Thursday,2026-07,assistant,5814,False
2026-07-16,2026-07-16,17,Thursday,2026-07,human,323,False
2026-07-16,2026-07-16,17,Thursday,2026-07,assistant,7007,False
2026-07-16,2026-07-16,17,Thursday,2026-07,human,397,False
2026-07-16,2026-07-16,17,Thursday,2026-07,assistant,3627,False
2026-07-16,2026-07-16,19,Thursday,2026-07,human,371,False
2026-07-16,2026-07-16,19,Thursday,2026-07,assistant,2877,False
2026-07-16,2026-07-16,22,Thursday,2026-07,human,394,True
2026-07-16,2026-07-16,22,Thursday,2026-07,assistant,9988,False
2026-07-16,2026-07-16,22,Thursday,2026-07,human,321,False
2026-07-16,2026-07-16,22,Thursday,2026-07,assistant,2414,False
2026-07-16,2026-07-16,23,Thursday,2026-07,human,158,False
2026-07-16,2026-07-16,23,Thursday,2026-07,assistant,8474,False
2026-07-16,2026-07-17,1,Friday,2026-07,human,1015,True
2026-07-16,2026-07-17,1,Friday,2026-07,assistant,6178,False
2026-07-16,2026-07-18,17,Saturday,2026-07,human,183,False
2026-07-16,2026-07-18,17,Saturday,2026-07,assistant,2748,False
2026-07-16,2026-07-18,17,Saturday,2026-07,human,108,False
2026-07-16,2026-07-18,17,Saturday,2026-07,assistant,2165,False
2026-07-16,2026-07-18,17,Saturday,2026-07,human,147,False
2026-07-16,2026-07-18,17,Saturday,2026-07,assistant,405,False
2026-07-16,2026-07-18,17,Saturday,2026-07,human,54,False
2026-07-16,2026-07-18,17,Saturday,2026-07,assistant,2382,False
2026-07-16,2026-07-18,17,Saturday,2026-07,human,96,False
2026-07-16,2026-07-18,17,Saturday,2026-07,assistant,1796,False
2026-07-16,2026-07-20,19,Monday,2026-07,human,169,False
2026-07-16,2026-07-20,19,Monday,2026-07,assistant,1789,False
2026-07-16,2026-07-20,19,Monday,2026-07,human,100,False
2026-07-16,2026-07-20,19,Monday,2026-07,assistant,1890,False
2026-07-16,2026-07-20,19,Monday,2026-07,human,72,False
2026-07-16,2026-07-20,19,Monday,2026-07,assistant,2026,False
2026-07-16,2026-07-20,19,Monday,2026-07,human,136,False
2026-07-16,2026-07-20,19,Monday,2026-07,assistant,674,False
2026-07-16,2026-07-20,19,Monday,2026-07,human,91,False
2026-07-16,2026-07-20,19,Monday,2026-07,assistant,1492,False
2026-07-16,2026-07-20,19,Monday,2026-07,human,14,False
2026-07-16,2026-07-20,19,Monday,2026-07,assistant,331,False
2026-07-16,2026-07-20,19,Monday,2026-07,human,101,False
2026-07-16,2026-07-20,19,Monday,2026-07,assistant,808,False
2026-07-16,2026-07-20,23,Monday,2026-07,human,198,True
2026-07-16,2026-07-20,23,Monday,2026-07,assistant,2891,False
2026-07-16,2026-07-20,23,Monday,2026-07,human,152,True
2026-07-16,2026-07-20,23,Monday,2026-07,assistant,2097,False
2026-07-16,2026-07-21,1,Tuesday,2026-07,human,45,False
2026-07-16,2026-07-21,1,Tuesday,2026-07,assistant,1058,False
2026-07-16,2026-07-21,1,Tuesday,2026-07,human,132,False
2026-07-16,2026-07-21,1,Tuesday,2026-07,assistant,1146,False
2026-07-16,2026-07-21,14,Tuesday,2026-07,human,615,False
2026-07-16,2026-07-21,14,Tuesday,2026-07,assistant,3097,False
2026-07-16,2026-07-21,14,Tuesday,2026-07,human,533,False
2026-07-16,2026-07-21,14,Tuesday,2026-07,assistant,511,False
2026-07-16,2026-07-21,15,Tuesday,2026-07,human,211,False
2026-07-16,2026-07-21,15,Tuesday,2026-07,assistant,1035,False
2026-07-16,2026-07-21,15,Tuesday,2026-07,human,26,False
2026-07-16,2026-07-21,15,Tuesday,2026-07,assistant,2057,False
2026-07-16,2026-07-24,1,Friday,2026-07,human,435,True
2026-07-16,2026-07-24,1,Friday,2026-07,assistant,5171,False
2026-07-16,2026-07-24,2,Friday,2026-07,human,61,False
2026-07-16,2026-07-24,2,Friday,2026-07,assistant,796,False
2026-07-16,2026-07-24,12,Friday,2026-07,human,143,False
2026-07-16,2026-07-24,12,Friday,2026-07,assistant,1580,False
2026-07-16,2026-07-24,12,Friday,2026-07,human,65,False
2026-07-16,2026-07-24,12,Friday,2026-07,assistant,720,False
2026-07-16,2026-07-24,19,Friday,2026-07,human,160,False
2026-07-16,2026-07-24,19,Friday,2026-07,assistant,1286,False
2026-07-16,2026-07-26,13,Sunday,2026-07,human,165,False
2026-07-16,2026-07-26,13,Sunday,2026-07,assistant,925,False
2026-07-16,2026-07-26,13,Sunday,2026-07,human,1213,False
2026-07-16,2026-07-26,13,Sunday,2026-07,assistant,4892,False
2026-07-16,2026-07-26,14,Sunday,2026-07,human,409,True
2026-07-16,2026-07-26,14,Sunday,2026-07,assistant,2717,False
2026-07-16,2026-07-27,14,Monday,2026-07,human,52,False
2026-07-16,2026-07-27,14,Monday,2026-07,assistant,1536,False
2026-07-16,2026-07-27,14,Monday,2026-07,human,36,False
2026-07-16,2026-07-27,14,Monday,2026-07,assistant,1671,False
2026-07-16,2026-07-28,15,Tuesday,2026-07,human,174,False
2026-07-16,2026-07-28,15,Tuesday,2026-07,assistant,843,False
2026-07-16,2026-07-28,15,Tuesday,2026-07,human,216,False
2026-07-16,2026-07-28,15,Tuesday,2026-07,assistant,1004,False
2026-07-16,2026-07-29,1,Wednesday,2026-07,human,275,False
2026-07-16,2026-07-29,1,Wednesday,2026-07,assistant,1747,False
2026-07-16,2026-07-29,14,Wednesday,2026-07,human,178,True
2026-07-16,2026-07-29,14,Wednesday,2026-07,assistant,1264,False
2026-07-16,2026-07-29,14,Wednesday,2026-07,human,136,False
2026-07-16,2026-07-29,14,Wednesday,2026-07,assistant,237,False
2026-07-16,2026-07-29,14,Wednesday,2026-07,human,2332,False
2026-07-16,2026-07-29,14,Wednesday,2026-07,assistant,574,False
2026-07-16,2026-07-29,14,Wednesday,2026-07,human,226,True
2026-07-16,2026-07-29,14,Wednesday,2026-07,assistant,603,False
2026-07-16,2026-07-29,14,Wednesday,2026-07,human,164,True
2026-07-16,2026-07-29,14,Wednesday,2026-07,assistant,551,False
2026-07-16,2026-07-29,17,Wednesday,2026-07,human,489,True
2026-07-16,2026-07-29,17,Wednesday,2026-07,assistant,1703,False
2026-07-16,2026-07-29,17,Wednesday,2026-07,human,169,False
2026-07-16,2026-07-29,17,Wednesday,2026-07,assistant,1664,False
2026-07-16,2026-07-29,17,Wednesday,2026-07,human,71,True
2026-07-16,2026-07-29,17,Wednesday,2026-07,assistant,484,False
2026-07-16,2026-07-29,17,Wednesday,2026-07,human,44,True
2026-07-16,2026-07-29,17,Wednesday,2026-07,assistant,934,False
2026-07-16,2026-07-29,19,Wednesday,2026-07,human,101,False
2026-07-16,2026-07-29,19,Wednesday,2026-07,assistant,152,False
2026-07-16,2026-07-30,14,Thursday,2026-07,human,108,True
2026-07-16,2026-07-30,14,Thursday,2026-07,assistant,1428,False
2026-07-16,2026-07-30,14,Thursday,2026-07,human,59,False
2026-07-16,2026-07-30,14,Thursday,2026-07,assistant,1254,False
2026-07-16,2026-07-30,20,Thursday,2026-07,human,269,False
2026-07-16,2026-07-30,20,Thursday,2026-07,assistant,2207,False
2026-07-16,2026-08-14,23,Friday,2026-08,human,259,True
2026-07-16,2026-08-14,23,Friday,2026-08,assistant,1677,False
2026-07-13,2026-07-13,23,Monday,2026-07,human,103,False
2026-07-13,2026-07-13,23,Monday,2026-07,assistant,2976,False
2026-07-13,2026-07-14,1,Tuesday,2026-07,human,1442,False
2026-07-13,2026-07-14,1,Tuesday,2026-07,assistant,3720,False
2026-07-13,2026-07-14,1,Tuesday,2026-07,human,122,False
2026-07-13,2026-07-14,1,Tuesday,2026-07,assistant,3367,False
2026-07-13,2026-07-14,1,Tuesday,2026-07,human,932,False
2026-07-13,2026-07-14,1,Tuesday,2026-07,assistant,2314,False
2026-07-13,2026-07-14,13,Tuesday,2026-07,human,948,False
2026-07-13,2026-07-14,13,Tuesday,2026-07,assistant,3333,False
2026-07-13,2026-07-14,13,Tuesday,2026-07,human,83,False
2026-07-13,2026-07-14,13,Tuesday,2026-07,assistant,4388,False
2026-07-13,2026-07-14,13,Tuesday,2026-07,human,119,False
2026-07-13,2026-07-14,13,Tuesday,2026-07,assistant,2878,False
2026-07-13,2026-07-14,16,Tuesday,2026-07,human,1055,False
2026-07-13,2026-07-14,16,Tuesday,2026-07,assistant,4306,False
2026-07-13,2026-07-14,17,Tuesday,2026-07,human,219,False
2026-07-13,2026-07-14,17,Tuesday,2026-07,assistant,3552,False
2026-07-13,2026-07-14,17,Tuesday,2026-07,human,205,False
2026-07-13,2026-07-14,17,Tuesday,2026-07,assistant,2751,False
2026-07-13,2026-07-14,17,Tuesday,2026-07,human,176,False
2026-07-13,2026-07-14,17,Tuesday,2026-07,assistant,2966,False
2026-07-13,2026-07-15,2,Wednesday,2026-07,human,344,False
2026-07-13,2026-07-15,2,Wednesday,2026-07,assistant,5212,False
2026-07-13,2026-07-15,2,Wednesday,2026-07,human,1485,False
2026-07-13,2026-07-15,2,Wednesday,2026-07,assistant,4581,False
2026-07-13,2026-07-15,2,Wednesday,2026-07,human,215,False
2026-07-13,2026-07-15,2,Wednesday,2026-07,assistant,4716,False
2026-07-13,2026-07-15,2,Wednesday,2026-07,human,168,False
2026-07-13,2026-07-15,2,Wednesday,2026-07,assistant,256,False
2026-07-08,2026-07-08,0,Wednesday,2026-07,human,468,False
2026-07-08,2026-07-08,0,Wednesday,2026-07,assistant,5643,False
2026-07-08,2026-07-08,0,Wednesday,2026-07,human,128,False
2026-07-08,2026-07-08,0,Wednesday,2026-07,assistant,688,False
2026-07-08,2026-07-24,13,Friday,2026-07,human,563,True
2026-07-08,2026-07-24,13,Friday,2026-07,assistant,2131,False
2026-07-08,2026-07-24,13,Friday,2026-07,human,274,False
2026-07-08,2026-07-24,13,Friday,2026-07,assistant,1855,False
2026-07-08,2026-07-24,13,Friday,2026-07,human,267,False
2026-07-08,2026-07-24,13,Friday,2026-07,assistant,2155,False
2026-07-08,2026-07-30,17,Thursday,2026-07,human,1720,False
2026-07-08,2026-07-30,17,Thursday,2026-07,assistant,4331,False
2026-07-08,2026-07-30,17,Thursday,2026-07,human,330,False
2026-07-08,2026-07-30,17,Thursday,2026-07,assistant,3106,False
2026-07-08,2026-07-30,19,Thursday,2026-07,human,65,False
2026-07-08,2026-07-30,19,Thursday,2026-07,assistant,1606,False
2026-07-07,2026-07-07,21,Tuesday,2026-07,human,2644,False
2026-07-07,2026-07-07,21,Tuesday,2026-07,assistant,2945,False
2026-07-07,2026-07-07,23,Tuesday,2026-07,human,8,False
2026-07-07,2026-07-07,23,Tuesday,2026-07,assistant,1932,False
2026-07-07,2026-07-07,23,Tuesday,2026-07,human,8,False
2026-07-07,2026-07-07,23,Tuesday,2026-07,assistant,2178,False
2026-07-07,2026-07-07,23,Tuesday,2026-07,human,80,False
2026-07-07,2026-07-07,23,Tuesday,2026-07,assistant,2250,False
2026-07-07,2026-07-08,23,Wednesday,2026-07,human,185,False
2026-07-07,2026-07-08,23,Wednesday,2026-07,assistant,1472,False
2026-07-07,2026-07-08,23,Wednesday,2026-07,human,94,False
2026-07-07,2026-07-08,23,Wednesday,2026-07,assistant,1982,False
2026-07-07,2026-07-08,23,Wednesday,2026-07,human,209,False
2026-07-07,2026-07-08,23,Wednesday,2026-07,assistant,2500,False
2026-07-07,2026-07-08,23,Wednesday,2026-07,human,143,False
2026-07-07,2026-07-08,23,Wednesday,2026-07,assistant,2436,False
2026-07-07,2026-07-08,23,Wednesday,2026-07,human,162,False
2026-07-07,2026-07-08,23,Wednesday,2026-07,assistant,1933,False
2026-07-07,2026-07-09,0,Thursday,2026-07,human,112,False
2026-07-07,2026-07-09,0,Thursday,2026-07,assistant,2603,False
2026-07-07,2026-07-13,22,Monday,2026-07,human,62,False
2026-07-07,2026-07-13,22,Monday,2026-07,assistant,1908,False
2026-07-07,2026-07-07,21,Tuesday,2026-07,human,387,False
2026-07-07,2026-07-07,21,Tuesday,2026-07,assistant,3197,False
2026-07-07,2026-07-07,21,Tuesday,2026-07,human,688,False
2026-07-07,2026-07-07,21,Tuesday,2026-07,assistant,2417,False
2026-07-07,2026-07-07,21,Tuesday,2026-07,human,266,False
2026-07-07,2026-07-07,21,Tuesday,2026-07,assistant,3415,False
2026-07-07,2026-07-07,20,Tuesday,2026-07,human,130,True
2026-07-07,2026-07-07,20,Tuesday,2026-07,assistant,677,False
2026-07-05,2026-07-05,20,Sunday,2026-07,human,1195,False
2026-07-05,2026-07-05,20,Sunday,2026-07,assistant,7729,False
2026-07-05,2026-07-05,20,Sunday,2026-07,human,476,False
2026-07-05,2026-07-05,20,Sunday,2026-07,assistant,7251,False
2026-07-05,2026-07-24,18,Friday,2026-07,human,134,False
2026-07-05,2026-07-24,18,Friday,2026-07,assistant,989,False
2026-07-05,2026-07-24,18,Friday,2026-07,human,99,False
2026-07-05,2026-07-24,18,Friday,2026-07,assistant,1709,False
2026-07-05,2026-07-05,18,Sunday,2026-07,human,452,False
2026-07-05,2026-07-05,18,Sunday,2026-07,assistant,3343,False
2026-07-05,2026-07-05,18,Sunday,2026-07,human,110,False
2026-07-05,2026-07-05,18,Sunday,2026-07,assistant,1813,False
2026-07-05,2026-07-05,14,Sunday,2026-07,human,503,False
2026-07-05,2026-07-05,14,Sunday,2026-07,assistant,7785,False
2026-07-05,2026-07-05,14,Sunday,2026-07,human,453,True
2026-07-05,2026-07-05,14,Sunday,2026-07,assistant,4147,False
2026-07-05,2026-07-05,14,Sunday,2026-07,human,198,False
2026-07-05,2026-07-05,14,Sunday,2026-07,assistant,2613,False
2026-07-05,2026-07-05,14,Sunday,2026-07,human,309,False
2026-07-05,2026-07-05,14,Sunday,2026-07,assistant,2428,False
2026-07-04,2026-07-04,19,Saturday,2026-07,human,671,False
2026-07-04,2026-07-04,19,Saturday,2026-07,assistant,12869,False
2026-07-04,2026-07-04,19,Saturday,2026-07,human,290,False
2026-07-04,2026-07-04,19,Saturday,2026-07,assistant,5931,False
2026-07-04,2026-07-04,19,Saturday,2026-07,human,127,True
2026-07-04,2026-07-04,19,Saturday,2026-07,assistant,7817,False
2026-07-04,2026-07-04,21,Saturday,2026-07,human,458,True
2026-07-04,2026-07-04,21,Saturday,2026-07,assistant,2139,False
2026-07-04,2026-07-04,21,Saturday,2026-07,human,55,True
2026-07-04,2026-07-04,21,Saturday,2026-07,assistant,9920,False
2026-07-04,2026-07-04,18,Saturday,2026-07,human,101,True
2026-07-04,2026-07-04,18,Saturday,2026-07,assistant,2299,False
2026-07-04,2026-07-04,18,Saturday,2026-07,human,2458,False
2026-07-04,2026-07-04,18,Saturday,2026-07,assistant,5260,False
2026-07-04,2026-07-04,18,Saturday,2026-07,human,217,False
2026-07-04,2026-07-04,18,Saturday,2026-07,assistant,2534,False
2026-07-04,2026-07-04,18,Saturday,2026-07,human,400,False
2026-07-04,2026-07-04,18,Saturday,2026-07,assistant,751,False
2026-07-04,2026-07-04,18,Saturday,2026-07,human,365,False
2026-07-04,2026-07-04,18,Saturday,2026-07,assistant,1219,False
2026-07-04,2026-07-04,18,Saturday,2026-07,human,205,False
2026-07-04,2026-07-04,18,Saturday,2026-07,assistant,834,False
2026-07-03,2026-07-03,20,Friday,2026-07,human,994,False
2026-07-03,2026-07-03,20,Friday,2026-07,assistant,6096,False
2026-07-03,2026-07-06,14,Monday,2026-07,human,332,False
2026-07-03,2026-07-06,14,Monday,2026-07,assistant,203,False
2026-07-03,2026-07-06,14,Monday,2026-07,human,247,False
2026-07-03,2026-07-06,14,Monday,2026-07,assistant,1521,False
2026-07-03,2026-07-06,22,Monday,2026-07,human,685,False
2026-07-03,2026-07-06,22,Monday,2026-07,assistant,1237,False
2026-07-03,2026-07-07,1,Tuesday,2026-07,human,708,False
2026-07-03,2026-07-07,1,Tuesday,2026-07,assistant,1298,False
2026-07-03,2026-07-07,14,Tuesday,2026-07,human,467,False
2026-07-03,2026-07-07,14,Tuesday,2026-07,assistant,2841,False
2026-07-03,2026-07-07,15,Tuesday,2026-07,human,96,False
2026-07-03,2026-07-07,15,Tuesday,2026-07,assistant,735,False
2026-07-03,2026-07-07,15,Tuesday,2026-07,human,114,False
2026-07-03,2026-07-07,15,Tuesday,2026-07,assistant,1728,False
2026-07-03,2026-07-08,16,Wednesday,2026-07,human,274,False
2026-07-03,2026-07-08,16,Wednesday,2026-07,assistant,4940,False
2026-07-03,2026-07-08,19,Wednesday,2026-07,human,90,False
2026-07-03,2026-07-08,19,Wednesday,2026-07,assistant,4890,False
2026-07-03,2026-07-08,21,Wednesday,2026-07,human,159,False
2026-07-03,2026-07-08,21,Wednesday,2026-07,assistant,4449,False
2026-07-03,2026-07-08,21,Wednesday,2026-07,human,266,True
2026-07-03,2026-07-08,21,Wednesday,2026-07,assistant,3017,False
2026-07-03,2026-07-08,21,Wednesday,2026-07,human,754,False
2026-07-03,2026-07-08,21,Wednesday,2026-07,assistant,4027,False
2026-07-03,2026-07-08,21,Wednesday,2026-07,human,3165,False
2026-07-03,2026-07-08,21,Wednesday,2026-07,assistant,4244,False
2026-07-03,2026-07-08,21,Wednesday,2026-07,human,252,False
2026-07-03,2026-07-08,21,Wednesday,2026-07,assistant,3381,False
2026-07-03,2026-07-13,12,Monday,2026-07,human,425,False
2026-07-03,2026-07-13,12,Monday,2026-07,assistant,4579,False
2026-07-03,2026-07-13,13,Monday,2026-07,human,55,False
2026-07-03,2026-07-13,13,Monday,2026-07,assistant,2960,False
2026-07-03,2026-07-13,18,Monday,2026-07,human,177,False
2026-07-03,2026-07-13,18,Monday,2026-07,assistant,3663,False
2026-07-03,2026-07-13,19,Monday,2026-07,human,130,False
2026-07-03,2026-07-13,19,Monday,2026-07,assistant,1345,False
2026-07-03,2026-07-13,20,Monday,2026-07,human,942,False
2026-07-03,2026-07-13,20,Monday,2026-07,assistant,5949,False
2026-07-03,2026-07-13,20,Monday,2026-07,human,312,False
2026-07-03,2026-07-13,20,Monday,2026-07,assistant,4279,False
2026-07-03,2026-07-13,22,Monday,2026-07,human,216,False
2026-07-03,2026-07-13,22,Monday,2026-07,assistant,2664,False
2026-07-03,2026-07-13,22,Monday,2026-07,human,264,False
2026-07-03,2026-07-13,22,Monday,2026-07,assistant,4626,False
2026-07-03,2026-07-13,22,Monday,2026-07,human,232,False
2026-07-03,2026-07-13,22,Monday,2026-07,assistant,2984,False
2026-07-03,2026-07-13,22,Monday,2026-07,human,505,False
2026-07-03,2026-07-13,22,Monday,2026-07,assistant,6132,False
2026-07-03,2026-07-13,22,Monday,2026-07,human,601,False
2026-07-03,2026-07-13,22,Monday,2026-07,assistant,8311,False
2026-07-03,2026-07-13,23,Monday,2026-07,human,412,False
2026-07-03,2026-07-13,23,Monday,2026-07,assistant,8621,False
2026-07-03,2026-07-13,23,Monday,2026-07,human,136,False
2026-07-03,2026-07-13,23,Monday,2026-07,assistant,1240,False
2026-07-03,2026-07-13,23,Monday,2026-07,human,432,False
2026-07-03,2026-07-13,23,Monday,2026-07,assistant,4092,False
2026-07-03,2026-07-13,23,Monday,2026-07,human,204,False
2026-07-03,2026-07-13,23,Monday,2026-07,assistant,1863,False
2026-07-03,2026-07-13,23,Monday,2026-07,human,179,False
2026-07-03,2026-07-13,23,Monday,2026-07,assistant,1992,False
2026-07-03,2026-07-13,23,Monday,2026-07,human,358,False
2026-07-03,2026-07-13,23,Monday,2026-07,assistant,5392,False
2026-07-03,2026-07-14,1,Tuesday,2026-07,human,260,False
2026-07-03,2026-07-14,1,Tuesday,2026-07,assistant,873,False
2026-07-03,2026-07-14,1,Tuesday,2026-07,human,526,False
2026-07-03,2026-07-14,1,Tuesday,2026-07,assistant,3025,False
2026-07-03,2026-07-14,1,Tuesday,2026-07,human,514,False
2026-07-03,2026-07-14,1,Tuesday,2026-07,assistant,2799,False
2026-07-03,2026-07-14,16,Tuesday,2026-07,human,219,False
2026-07-03,2026-07-14,16,Tuesday,2026-07,assistant,1390,False
2026-07-03,2026-07-14,16,Tuesday,2026-07,human,309,False
2026-07-03,2026-07-14,16,Tuesday,2026-07,assistant,1937,False
2026-07-03,2026-07-14,16,Tuesday,2026-07,human,313,False
2026-07-03,2026-07-14,16,Tuesday,2026-07,assistant,1477,False
2026-07-03,2026-07-14,16,Tuesday,2026-07,human,300,False
2026-07-03,2026-07-14,16,Tuesday,2026-07,assistant,4305,False
2026-07-03,2026-07-14,16,Tuesday,2026-07,human,829,False
2026-07-03,2026-07-14,16,Tuesday,2026-07,assistant,4168,False
2026-07-03,2026-07-14,16,Tuesday,2026-07,human,186,False
2026-07-03,2026-07-14,16,Tuesday,2026-07,assistant,996,False
2026-07-03,2026-07-14,16,Tuesday,2026-07,human,485,False
2026-07-03,2026-07-14,16,Tuesday,2026-07,assistant,1365,False
2026-07-03,2026-07-14,21,Tuesday,2026-07,human,181,False
2026-07-03,2026-07-14,21,Tuesday,2026-07,assistant,994,False
2026-07-03,2026-07-14,21,Tuesday,2026-07,human,389,False
2026-07-03,2026-07-14,21,Tuesday,2026-07,assistant,2380,False
2026-07-03,2026-07-14,21,Tuesday,2026-07,human,33,True
2026-07-03,2026-07-14,21,Tuesday,2026-07,assistant,1683,False
2026-07-03,2026-07-14,21,Tuesday,2026-07,human,170,False
2026-07-03,2026-07-14,21,Tuesday,2026-07,assistant,1808,False
2026-07-03,2026-07-14,21,Tuesday,2026-07,human,32,True
2026-07-03,2026-07-14,21,Tuesday,2026-07,assistant,7581,False
2026-07-03,2026-07-14,21,Tuesday,2026-07,human,384,False
2026-07-03,2026-07-14,21,Tuesday,2026-07,assistant,1094,False
2026-07-03,2026-07-14,22,Tuesday,2026-07,human,476,False
2026-07-03,2026-07-14,22,Tuesday,2026-07,assistant,2017,False
2026-07-03,2026-07-14,22,Tuesday,2026-07,human,341,False
2026-07-03,2026-07-14,22,Tuesday,2026-07,assistant,1327,False
2026-07-03,2026-07-14,22,Tuesday,2026-07,human,485,False
2026-07-03,2026-07-14,22,Tuesday,2026-07,assistant,1571,False
2026-07-03,2026-07-14,22,Tuesday,2026-07,human,368,False
2026-07-03,2026-07-14,22,Tuesday,2026-07,assistant,3315,False
2026-07-03,2026-07-14,22,Tuesday,2026-07,human,340,False
2026-07-03,2026-07-14,22,Tuesday,2026-07,assistant,3813,False
2026-07-03,2026-07-14,23,Tuesday,2026-07,human,63,False
2026-07-03,2026-07-14,23,Tuesday,2026-07,assistant,810,False
2026-07-03,2026-07-14,23,Tuesday,2026-07,human,341,True
2026-07-03,2026-07-14,23,Tuesday,2026-07,assistant,2266,False
2026-07-03,2026-07-14,23,Tuesday,2026-07,human,98,False
2026-07-03,2026-07-14,23,Tuesday,2026-07,assistant,3378,False
2026-07-03,2026-07-14,23,Tuesday,2026-07,human,56,False
2026-07-03,2026-07-14,23,Tuesday,2026-07,assistant,1271,False
2026-07-03,2026-07-14,23,Tuesday,2026-07,human,320,False
2026-07-03,2026-07-14,23,Tuesday,2026-07,assistant,2856,False
2026-07-03,2026-07-14,23,Tuesday,2026-07,human,99,True
2026-07-03,2026-07-14,23,Tuesday,2026-07,assistant,3214,False
2026-07-03,2026-07-14,23,Tuesday,2026-07,human,366,False
2026-07-03,2026-07-14,23,Tuesday,2026-07,assistant,2188,False
2026-07-03,2026-07-14,23,Tuesday,2026-07,human,538,False
2026-07-03,2026-07-14,23,Tuesday,2026-07,assistant,4171,False
2026-07-03,2026-07-15,0,Wednesday,2026-07,human,262,False
2026-07-03,2026-07-15,0,Wednesday,2026-07,assistant,3941,False
2026-07-03,2026-07-15,1,Wednesday,2026-07,human,555,False
2026-07-03,2026-07-15,1,Wednesday,2026-07,assistant,4502,False
2026-07-03,2026-07-15,1,Wednesday,2026-07,human,543,False
2026-07-03,2026-07-15,1,Wednesday,2026-07,assistant,1702,False
2026-07-03,2026-07-15,1,Wednesday,2026-07,human,174,False
2026-07-03,2026-07-15,1,Wednesday,2026-07,assistant,2912,False
2026-07-03,2026-07-15,1,Wednesday,2026-07,human,335,False
2026-07-03,2026-07-15,1,Wednesday,2026-07,assistant,4533,False
2026-07-03,2026-07-15,1,Wednesday,2026-07,human,453,False
2026-07-03,2026-07-15,1,Wednesday,2026-07,assistant,2820,False
2026-07-03,2026-07-15,1,Wednesday,2026-07,human,851,False
2026-07-03,2026-07-15,1,Wednesday,2026-07,assistant,2139,False
2026-07-03,2026-07-15,1,Wednesday,2026-07,human,526,False
2026-07-03,2026-07-15,1,Wednesday,2026-07,assistant,3609,False
2026-07-03,2026-07-15,1,Wednesday,2026-07,human,204,False
2026-07-03,2026-07-15,1,Wednesday,2026-07,assistant,3345,False
2026-07-03,2026-07-15,2,Wednesday,2026-07,human,563,False
2026-07-03,2026-07-15,2,Wednesday,2026-07,assistant,4844,False
2026-07-03,2026-07-15,2,Wednesday,2026-07,human,687,False
2026-07-03,2026-07-15,2,Wednesday,2026-07,assistant,5173,False
2026-07-03,2026-07-15,15,Wednesday,2026-07,human,210,False
2026-07-03,2026-07-15,15,Wednesday,2026-07,assistant,1809,False
2026-07-03,2026-07-15,16,Wednesday,2026-07,human,946,False
2026-07-03,2026-07-15,16,Wednesday,2026-07,assistant,2829,False
2026-07-03,2026-07-15,16,Wednesday,2026-07,human,81,False
2026-07-03,2026-07-15,16,Wednesday,2026-07,assistant,3788,False
2026-07-03,2026-07-15,16,Wednesday,2026-07,human,367,False
2026-07-03,2026-07-15,16,Wednesday,2026-07,assistant,4548,False
2026-07-03,2026-07-15,16,Wednesday,2026-07,human,270,False
2026-07-03,2026-07-15,16,Wednesday,2026-07,assistant,3669,False
2026-07-03,2026-07-15,16,Wednesday,2026-07,human,454,False
2026-07-03,2026-07-15,16,Wednesday,2026-07,assistant,4306,False
2026-07-03,2026-07-15,16,Wednesday,2026-07,human,132,False
2026-07-03,2026-07-15,16,Wednesday,2026-07,assistant,1051,False
2026-07-03,2026-07-15,16,Wednesday,2026-07,human,218,False
2026-07-03,2026-07-15,16,Wednesday,2026-07,assistant,4550,False
2026-07-03,2026-07-15,17,Wednesday,2026-07,human,565,False
2026-07-03,2026-07-15,17,Wednesday,2026-07,assistant,1398,False
2026-07-03,2026-07-15,17,Wednesday,2026-07,human,220,False
2026-07-03,2026-07-15,17,Wednesday,2026-07,assistant,3061,False
2026-07-03,2026-07-15,17,Wednesday,2026-07,human,176,False
2026-07-03,2026-07-15,17,Wednesday,2026-07,assistant,1102,False
2026-07-03,2026-07-15,17,Wednesday,2026-07,human,167,False
2026-07-03,2026-07-15,17,Wednesday,2026-07,assistant,2064,False
2026-07-03,2026-07-15,22,Wednesday,2026-07,human,232,False
2026-07-03,2026-07-15,22,Wednesday,2026-07,assistant,1396,False
2026-07-03,2026-07-15,22,Wednesday,2026-07,human,36,False
2026-07-03,2026-07-15,22,Wednesday,2026-07,assistant,2389,False
2026-07-03,2026-07-15,22,Wednesday,2026-07,human,401,False
2026-07-03,2026-07-15,22,Wednesday,2026-07,assistant,1919,False
2026-07-03,2026-07-15,22,Wednesday,2026-07,human,312,False
2026-07-03,2026-07-15,22,Wednesday,2026-07,assistant,1994,False
2026-07-03,2026-07-15,22,Wednesday,2026-07,human,120,False
2026-07-03,2026-07-15,22,Wednesday,2026-07,assistant,1461,False
2026-07-03,2026-07-15,22,Wednesday,2026-07,human,43,False
2026-07-03,2026-07-15,22,Wednesday,2026-07,assistant,1537,False
2026-07-03,2026-07-15,22,Wednesday,2026-07,human,471,False
2026-07-03,2026-07-15,22,Wednesday,2026-07,assistant,2598,False
2026-07-03,2026-07-15,22,Wednesday,2026-07,human,111,False
2026-07-03,2026-07-15,22,Wednesday,2026-07,assistant,2540,False
2026-07-03,2026-07-15,22,Wednesday,2026-07,human,152,False
2026-07-03,2026-07-15,22,Wednesday,2026-07,assistant,1602,False
2026-07-03,2026-07-15,22,Wednesday,2026-07,human,401,False
2026-07-03,2026-07-15,22,Wednesday,2026-07,assistant,2044,False
2026-07-03,2026-07-15,23,Wednesday,2026-07,human,915,False
2026-07-03,2026-07-15,23,Wednesday,2026-07,assistant,4057,False
2026-07-03,2026-07-15,23,Wednesday,2026-07,human,89,False
2026-07-03,2026-07-15,23,Wednesday,2026-07,assistant,1870,False
2026-07-03,2026-07-15,23,Wednesday,2026-07,human,230,False
2026-07-03,2026-07-15,23,Wednesday,2026-07,assistant,2677,False
2026-07-03,2026-07-15,23,Wednesday,2026-07,human,404,False
2026-07-03,2026-07-15,23,Wednesday,2026-07,assistant,2246,False
2026-07-03,2026-07-15,23,Wednesday,2026-07,human,151,False
2026-07-03,2026-07-15,23,Wednesday,2026-07,assistant,1350,False
2026-07-03,2026-07-15,23,Wednesday,2026-07,human,126,False
2026-07-03,2026-07-15,23,Wednesday,2026-07,assistant,2538,False
2026-07-03,2026-07-15,23,Wednesday,2026-07,human,449,False
2026-07-03,2026-07-15,23,Wednesday,2026-07,assistant,1848,False
2026-07-03,2026-07-15,23,Wednesday,2026-07,human,519,False
2026-07-03,2026-07-15,23,Wednesday,2026-07,assistant,3506,False
2026-07-03,2026-07-15,23,Wednesday,2026-07,human,247,False
2026-07-03,2026-07-15,23,Wednesday,2026-07,assistant,1100,False
2026-07-03,2026-07-16,0,Thursday,2026-07,human,448,False
2026-07-03,2026-07-16,0,Thursday,2026-07,assistant,4406,False
2026-07-03,2026-07-16,0,Thursday,2026-07,human,214,False
2026-07-03,2026-07-16,0,Thursday,2026-07,assistant,1637,False
2026-07-03,2026-07-16,1,Thursday,2026-07,human,466,False
2026-07-03,2026-07-16,1,Thursday,2026-07,assistant,3765,False
2026-07-03,2026-07-16,1,Thursday,2026-07,human,82,False
2026-07-03,2026-07-16,1,Thursday,2026-07,assistant,1325,False
2026-07-03,2026-07-16,1,Thursday,2026-07,human,823,False
2026-07-03,2026-07-16,1,Thursday,2026-07,assistant,3024,False
2026-07-03,2026-07-16,1,Thursday,2026-07,human,562,False
2026-07-03,2026-07-16,1,Thursday,2026-07,assistant,3439,False
2026-07-03,2026-07-16,1,Thursday,2026-07,human,812,False
2026-07-03,2026-07-16,1,Thursday,2026-07,assistant,3879,False
2026-07-03,2026-07-16,1,Thursday,2026-07,human,484,False
2026-07-03,2026-07-16,1,Thursday,2026-07,assistant,2999,False
2026-07-03,2026-07-16,1,Thursday,2026-07,human,595,False
2026-07-03,2026-07-16,2,Thursday,2026-07,assistant,3839,False
2026-07-03,2026-07-16,2,Thursday,2026-07,human,392,True
2026-07-03,2026-07-16,2,Thursday,2026-07,assistant,3551,False
2026-07-03,2026-07-16,2,Thursday,2026-07,human,280,False
2026-07-03,2026-07-16,2,Thursday,2026-07,assistant,2638,False
2026-07-03,2026-07-16,11,Thursday,2026-07,human,175,False
2026-07-03,2026-07-16,11,Thursday,2026-07,assistant,1237,False
2026-07-03,2026-07-16,11,Thursday,2026-07,human,82,False
2026-07-03,2026-07-16,11,Thursday,2026-07,assistant,909,False
2026-07-03,2026-07-16,11,Thursday,2026-07,human,459,False
2026-07-03,2026-07-16,11,Thursday,2026-07,assistant,2856,False
2026-07-03,2026-07-16,11,Thursday,2026-07,human,89,False
2026-07-03,2026-07-16,11,Thursday,2026-07,assistant,2386,False
2026-07-03,2026-07-16,12,Thursday,2026-07,human,687,False
2026-07-03,2026-07-16,12,Thursday,2026-07,assistant,1275,False
2026-07-03,2026-07-16,12,Thursday,2026-07,human,172,False
2026-07-03,2026-07-16,12,Thursday,2026-07,assistant,2183,False
2026-07-03,2026-07-16,12,Thursday,2026-07,human,180,False
2026-07-03,2026-07-16,12,Thursday,2026-07,assistant,2888,False
2026-07-03,2026-07-16,12,Thursday,2026-07,human,118,False
2026-07-03,2026-07-16,12,Thursday,2026-07,assistant,1403,False
2026-07-03,2026-07-16,12,Thursday,2026-07,human,44,False
2026-07-03,2026-07-16,12,Thursday,2026-07,assistant,2808,False
2026-07-03,2026-07-16,12,Thursday,2026-07,human,105,False
2026-07-03,2026-07-16,12,Thursday,2026-07,assistant,3047,False
2026-07-03,2026-07-16,13,Thursday,2026-07,human,341,False
2026-07-03,2026-07-16,13,Thursday,2026-07,assistant,3008,False
2026-07-03,2026-07-16,13,Thursday,2026-07,human,64,False
2026-07-03,2026-07-16,13,Thursday,2026-07,assistant,2980,False
2026-07-03,2026-07-16,13,Thursday,2026-07,human,122,False
2026-07-03,2026-07-16,13,Thursday,2026-07,assistant,3137,False
2026-07-03,2026-07-16,13,Thursday,2026-07,human,163,False
2026-07-03,2026-07-16,13,Thursday,2026-07,assistant,2030,False
2026-07-03,2026-07-16,13,Thursday,2026-07,human,323,False
2026-07-03,2026-07-16,13,Thursday,2026-07,assistant,1352,False
2026-07-03,2026-07-16,13,Thursday,2026-07,human,43,False
2026-07-03,2026-07-16,13,Thursday,2026-07,assistant,1501,False
2026-07-03,2026-07-16,14,Thursday,2026-07,human,2182,True
2026-07-03,2026-07-16,14,Thursday,2026-07,assistant,3410,False
2026-07-03,2026-07-16,19,Thursday,2026-07,human,1026,False
2026-07-03,2026-07-16,19,Thursday,2026-07,assistant,2858,False
2026-07-03,2026-07-16,23,Thursday,2026-07,human,1019,False
2026-07-03,2026-07-16,23,Thursday,2026-07,assistant,2307,False
2026-07-03,2026-07-21,17,Tuesday,2026-07,human,355,False
2026-07-03,2026-07-21,17,Tuesday,2026-07,assistant,4048,False
2026-07-03,2026-07-21,23,Tuesday,2026-07,human,126,False
2026-07-03,2026-07-21,23,Tuesday,2026-07,assistant,2262,False
2026-07-03,2026-07-21,23,Tuesday,2026-07,human,390,False
2026-07-03,2026-07-21,23,Tuesday,2026-07,assistant,2969,False
2026-07-03,2026-07-21,23,Tuesday,2026-07,human,456,False
2026-07-03,2026-07-21,23,Tuesday,2026-07,assistant,1964,False
2026-07-03,2026-07-21,23,Tuesday,2026-07,human,540,False
2026-07-03,2026-07-21,23,Tuesday,2026-07,assistant,2748,False
2026-07-03,2026-07-21,23,Tuesday,2026-07,human,113,False
2026-07-03,2026-07-21,23,Tuesday,2026-07,assistant,4792,False
2026-07-03,2026-07-21,23,Tuesday,2026-07,human,541,False
2026-07-03,2026-07-21,23,Tuesday,2026-07,assistant,3010,False
2026-07-03,2026-07-22,23,Wednesday,2026-07,human,229,False
2026-07-03,2026-07-22,23,Wednesday,2026-07,assistant,3448,False
2026-07-03,2026-07-22,23,Wednesday,2026-07,human,441,False
2026-07-03,2026-07-22,23,Wednesday,2026-07,assistant,3997,False
2026-07-03,2026-07-22,23,Wednesday,2026-07,human,572,False
2026-07-03,2026-07-22,23,Wednesday,2026-07,assistant,4110,False
2026-07-03,2026-07-22,23,Wednesday,2026-07,human,74,False
2026-07-03,2026-07-22,23,Wednesday,2026-07,assistant,2624,False
2026-07-03,2026-07-22,23,Wednesday,2026-07,human,71,False
2026-07-03,2026-07-22,23,Wednesday,2026-07,assistant,4433,False
2026-07-03,2026-07-22,23,Wednesday,2026-07,human,454,False
2026-07-03,2026-07-22,23,Wednesday,2026-07,assistant,3587,False
2026-07-03,2026-07-23,0,Thursday,2026-07,human,153,False
2026-07-03,2026-07-23,0,Thursday,2026-07,assistant,2659,False
2026-07-03,2026-07-23,0,Thursday,2026-07,human,130,False
2026-07-03,2026-07-23,0,Thursday,2026-07,assistant,2322,False
2026-07-03,2026-07-23,0,Thursday,2026-07,human,195,False
2026-07-03,2026-07-23,0,Thursday,2026-07,assistant,3093,False
2026-07-03,2026-07-23,14,Thursday,2026-07,human,473,False
2026-07-03,2026-07-23,14,Thursday,2026-07,assistant,2705,False
2026-07-03,2026-07-23,21,Thursday,2026-07,human,776,False
2026-07-03,2026-07-23,21,Thursday,2026-07,assistant,2752,False
2026-07-03,2026-07-23,21,Thursday,2026-07,human,120,False
2026-07-03,2026-07-23,21,Thursday,2026-07,assistant,836,False
2026-07-03,2026-07-23,23,Thursday,2026-07,human,903,False
2026-07-03,2026-07-23,23,Thursday,2026-07,assistant,3335,False
2026-07-03,2026-07-23,23,Thursday,2026-07,human,76,False
2026-07-03,2026-07-23,23,Thursday,2026-07,assistant,1893,False
2026-07-03,2026-07-23,23,Thursday,2026-07,human,200,False
2026-07-03,2026-07-23,23,Thursday,2026-07,assistant,1723,False
2026-07-03,2026-07-24,0,Friday,2026-07,human,270,False
2026-07-03,2026-07-24,0,Friday,2026-07,assistant,2932,False
2026-07-03,2026-07-24,0,Friday,2026-07,human,161,False
2026-07-03,2026-07-24,0,Friday,2026-07,assistant,2204,False
2026-07-03,2026-07-25,18,Saturday,2026-07,human,129,False
2026-07-03,2026-07-25,18,Saturday,2026-07,assistant,1876,False
2026-07-03,2026-07-28,17,Tuesday,2026-07,human,526,False
2026-07-03,2026-07-28,17,Tuesday,2026-07,assistant,3132,False
2026-07-03,2026-07-28,17,Tuesday,2026-07,human,248,False
2026-07-03,2026-07-28,17,Tuesday,2026-07,assistant,3052,False
2026-07-03,2026-07-28,17,Tuesday,2026-07,human,95,False
2026-07-03,2026-07-28,17,Tuesday,2026-07,assistant,3719,False
2026-07-03,2026-07-28,18,Tuesday,2026-07,human,39,True
2026-07-03,2026-07-28,18,Tuesday,2026-07,assistant,1559,False
2026-07-03,2026-07-28,23,Tuesday,2026-07,human,129,False
2026-07-03,2026-07-28,23,Tuesday,2026-07,assistant,2033,False
2026-07-03,2026-07-29,18,Wednesday,2026-07,human,213,False
2026-07-03,2026-07-29,18,Wednesday,2026-07,assistant,953,False
2026-07-03,2026-07-30,13,Thursday,2026-07,human,340,False
2026-07-03,2026-07-30,13,Thursday,2026-07,assistant,1373,False
2026-07-03,2026-07-31,15,Friday,2026-07,human,666,True
2026-07-03,2026-07-31,15,Friday,2026-07,assistant,2584,False
2026-07-03,2026-07-31,15,Friday,2026-07,human,99,False
2026-07-03,2026-07-31,15,Friday,2026-07,assistant,998,False
2026-07-03,2026-07-31,18,Friday,2026-07,human,84,True
2026-07-03,2026-07-31,18,Friday,2026-07,assistant,629,False
2026-07-03,2026-07-31,18,Friday,2026-07,human,121,False
2026-07-03,2026-07-31,18,Friday,2026-07,assistant,394,False
2026-07-03,2026-08-04,23,Tuesday,2026-08,human,578,False
2026-07-03,2026-08-04,23,Tuesday,2026-08,assistant,1297,False
2026-07-03,2026-08-04,23,Tuesday,2026-08,human,218,False
2026-07-03,2026-08-04,23,Tuesday,2026-08,assistant,1472,False
2026-07-03,2026-08-04,23,Tuesday,2026-08,human,272,False
2026-07-03,2026-08-04,23,Tuesday,2026-08,assistant,1358,False
2026-07-03,2026-08-04,23,Tuesday,2026-08,human,216,False
2026-07-03,2026-08-04,23,Tuesday,2026-08,assistant,1282,False
2026-07-03,2026-08-04,23,Tuesday,2026-08,human,384,False
2026-07-03,2026-08-04,23,Tuesday,2026-08,assistant,2235,False
2026-07-03,2026-08-04,23,Tuesday,2026-08,human,169,False
2026-07-03,2026-08-04,23,Tuesday,2026-08,assistant,713,False
2026-07-03,2026-08-04,23,Tuesday,2026-08,human,31,False
2026-07-03,2026-08-04,23,Tuesday,2026-08,assistant,1543,False
2026-07-03,2026-08-05,18,Wednesday,2026-08,human,249,False
2026-07-03,2026-08-05,18,Wednesday,2026-08,assistant,1288,False
2026-07-03,2026-08-05,19,Wednesday,2026-08,human,240,False
2026-07-03,2026-08-05,19,Wednesday,2026-08,assistant,948,False
2026-07-03,2026-08-05,20,Wednesday,2026-08,human,120,False
2026-07-03,2026-08-05,20,Wednesday,2026-08,assistant,580,False
2026-07-03,2026-08-06,1,Thursday,2026-08,human,103,False
2026-07-03,2026-08-06,1,Thursday,2026-08,assistant,1274,False
2026-07-03,2026-08-06,13,Thursday,2026-08,human,767,False
2026-07-03,2026-08-06,13,Thursday,2026-08,assistant,3126,False
2026-07-03,2026-08-06,13,Thursday,2026-08,human,499,False
2026-07-03,2026-08-06,13,Thursday,2026-08,assistant,1425,False
2026-07-03,2026-08-06,17,Thursday,2026-08,human,263,False
2026-07-03,2026-08-06,17,Thursday,2026-08,assistant,1721,False
2026-07-03,2026-08-06,18,Thursday,2026-08,human,926,False
2026-07-03,2026-08-06,18,Thursday,2026-08,assistant,1114,False
2026-07-03,2026-08-06,20,Thursday,2026-08,human,209,False
2026-07-03,2026-08-06,20,Thursday,2026-08,assistant,1216,False
2026-07-03,2026-08-06,21,Thursday,2026-08,human,151,False
2026-07-03,2026-08-06,21,Thursday,2026-08,assistant,1291,False
2026-07-03,2026-08-06,21,Thursday,2026-08,human,278,False
2026-07-03,2026-08-06,21,Thursday,2026-08,assistant,853,False
2026-07-03,2026-08-06,21,Thursday,2026-08,human,496,False
2026-07-03,2026-08-06,21,Thursday,2026-08,assistant,646,False
2026-07-03,2026-08-06,21,Thursday,2026-08,human,102,False
2026-07-03,2026-08-06,21,Thursday,2026-08,assistant,314,False
2026-07-03,2026-08-06,21,Thursday,2026-08,human,160,False
2026-07-03,2026-08-06,21,Thursday,2026-08,assistant,363,False
2026-07-03,2026-08-06,21,Thursday,2026-08,human,47,False
2026-07-03,2026-08-06,21,Thursday,2026-08,assistant,98,False
2026-07-03,2026-08-07,17,Friday,2026-08,human,309,False
2026-07-03,2026-08-07,17,Friday,2026-08,assistant,1401,False
2026-07-03,2026-08-07,17,Friday,2026-08,human,283,False
2026-07-03,2026-08-07,17,Friday,2026-08,assistant,1077,False
2026-07-03,2026-08-07,17,Friday,2026-08,human,334,False
2026-07-03,2026-08-07,17,Friday,2026-08,assistant,1088,False
2026-07-03,2026-08-07,18,Friday,2026-08,human,921,False
2026-07-03,2026-08-07,18,Friday,2026-08,assistant,2406,False
2026-07-03,2026-08-07,19,Friday,2026-08,human,610,False
2026-07-03,2026-08-07,19,Friday,2026-08,assistant,1407,False
2026-07-03,2026-08-07,20,Friday,2026-08,human,112,False
2026-07-03,2026-08-07,20,Friday,2026-08,assistant,1657,False
2026-07-03,2026-08-09,14,Sunday,2026-08,human,1213,False
2026-07-03,2026-08-09,14,Sunday,2026-08,assistant,1854,False
2026-07-03,2026-08-10,19,Monday,2026-08,human,209,False
2026-07-03,2026-08-10,19,Monday,2026-08,assistant,603,False
2026-07-03,2026-08-10,20,Monday,2026-08,human,688,False
2026-07-03,2026-08-10,20,Monday,2026-08,assistant,1126,False
2026-07-03,2026-08-12,11,Wednesday,2026-08,human,117,False
2026-07-03,2026-08-12,11,Wednesday,2026-08,assistant,1870,False
2026-07-03,2026-08-12,12,Wednesday,2026-08,human,973,False
2026-07-03,2026-08-12,12,Wednesday,2026-08,assistant,2634,False
2026-07-03,2026-08-12,15,Wednesday,2026-08,human,301,True
2026-07-03,2026-08-12,15,Wednesday,2026-08,assistant,66,False
2026-07-03,2026-08-12,22,Wednesday,2026-08,assistant,2884,False
2026-07-03,2026-08-12,22,Wednesday,2026-08,human,145,False
2026-07-03,2026-08-12,22,Wednesday,2026-08,assistant,515,False
2026-07-03,2026-08-18,21,Tuesday,2026-08,human,187,False
2026-07-03,2026-08-18,21,Tuesday,2026-08,assistant,1195,False
2026-07-03,2026-07-03,15,Friday,2026-07,human,1806,False
2026-07-03,2026-07-03,15,Friday,2026-07,assistant,3765,False
2026-07-03,2026-07-03,15,Friday,2026-07,human,47,False
2026-07-03,2026-07-03,15,Friday,2026-07,assistant,36444,False
2026-07-03,2026-07-03,16,Friday,2026-07,human,9,False
2026-07-03,2026-07-03,16,Friday,2026-07,assistant,220,False
2026-07-03,2026-07-03,19,Friday,2026-07,human,8,False
2026-07-03,2026-07-03,19,Friday,2026-07,assistant,11692,False
2026-07-03,2026-07-03,19,Friday,2026-07,human,73,False
2026-07-03,2026-07-03,19,Friday,2026-07,assistant,463,False
2026-07-03,2026-07-03,15,Friday,2026-07,human,2242,False
2026-07-03,2026-07-03,15,Friday,2026-07,assistant,5124,False
2026-07-03,2026-07-03,15,Friday,2026-07,human,367,False
2026-07-03,2026-07-03,15,Friday,2026-07,assistant,9441,False
2026-07-03,2026-07-03,15,Friday,2026-07,human,125,False
2026-07-03,2026-07-03,15,Friday,2026-07,assistant,5089,False
2026-07-03,2026-07-03,15,Friday,2026-07,human,107,False
2026-07-03,2026-07-03,15,Friday,2026-07,assistant,5255,False
2026-07-03,2026-07-03,15,Friday,2026-07,human,296,False
2026-07-03,2026-07-03,15,Friday,2026-07,assistant,3495,False
2026-07-03,2026-07-03,20,Friday,2026-07,human,1011,True
2026-07-03,2026-07-03,20,Friday,2026-07,assistant,272,False
2026-07-03,2026-07-03,20,Friday,2026-07,human,17,False
2026-07-03,2026-07-03,20,Friday,2026-07,assistant,1398,False
2026-07-03,2026-07-03,20,Friday,2026-07,human,441,False
2026-07-03,2026-07-03,20,Friday,2026-07,assistant,1258,False
2026-07-03,2026-07-03,14,Friday,2026-07,human,386,True
2026-07-03,2026-07-03,14,Friday,2026-07,assistant,3043,False
2026-07-03,2026-07-03,0,Friday,2026-07,human,514,True
2026-07-03,2026-07-03,0,Friday,2026-07,assistant,7278,False
2026-07-03,2026-07-03,0,Friday,2026-07,human,115,False
2026-07-03,2026-07-03,0,Friday,2026-07,assistant,3983,False
2026-07-02,2026-07-02,20,Thursday,2026-07,human,440,False
2026-07-02,2026-07-02,20,Thursday,2026-07,assistant,2072,False
2026-07-02,2026-07-02,19,Thursday,2026-07,human,245,False
2026-07-02,2026-07-02,19,Thursday,2026-07,assistant,4653,False
2026-07-02,2026-07-02,19,Thursday,2026-07,human,847,False
2026-07-02,2026-07-02,19,Thursday,2026-07,assistant,2776,False
2026-07-02,2026-07-02,16,Thursday,2026-07,human,463,True
2026-07-02,2026-07-02,16,Thursday,2026-07,assistant,5794,False
2026-07-02,2026-07-02,16,Thursday,2026-07,human,471,False
2026-07-02,2026-07-02,16,Thursday,2026-07,assistant,3016,False
2026-07-02,2026-07-02,16,Thursday,2026-07,human,85,False
2026-07-02,2026-07-02,16,Thursday,2026-07,assistant,505,False
2026-07-02,2026-07-02,16,Thursday,2026-07,human,293,False
2026-07-02,2026-07-02,16,Thursday,2026-07,assistant,1050,False
2026-07-02,2026-07-02,16,Thursday,2026-07,human,77,False
2026-07-02,2026-07-02,16,Thursday,2026-07,assistant,460,False
2026-07-02,2026-07-04,19,Saturday,2026-07,human,127,True
2026-07-02,2026-07-04,19,Saturday,2026-07,assistant,7387,False
2026-07-02,2026-07-04,19,Saturday,2026-07,human,325,False
2026-07-02,2026-07-04,19,Saturday,2026-07,assistant,5361,False
2026-07-02,2026-07-04,19,Saturday,2026-07,human,256,False
2026-07-02,2026-07-04,19,Saturday,2026-07,assistant,6170,False
2026-07-02,2026-07-04,19,Saturday,2026-07,human,179,False
2026-07-02,2026-07-04,19,Saturday,2026-07,assistant,3322,False
2026-07-02,2026-07-08,22,Wednesday,2026-07,human,592,False
2026-07-02,2026-07-08,22,Wednesday,2026-07,assistant,3044,False
2026-07-02,2026-07-08,22,Wednesday,2026-07,human,112,True
2026-07-02,2026-07-08,22,Wednesday,2026-07,assistant,3104,False
2026-07-02,2026-07-23,14,Thursday,2026-07,human,291,True
2026-07-02,2026-07-23,14,Thursday,2026-07,assistant,2713,False
2026-07-02,2026-07-25,14,Saturday,2026-07,human,240,True
2026-07-02,2026-07-25,14,Saturday,2026-07,assistant,2332,False
2026-07-02,2026-07-25,14,Saturday,2026-07,human,778,False
2026-07-02,2026-07-25,14,Saturday,2026-07,assistant,2637,False
2026-07-02,2026-07-25,14,Saturday,2026-07,human,42,False
2026-07-02,2026-07-25,14,Saturday,2026-07,assistant,2253,False
2026-07-02,2026-07-25,17,Saturday,2026-07,human,215,False
2026-07-02,2026-07-25,17,Saturday,2026-07,assistant,1047,False
2026-07-02,2026-07-27,14,Monday,2026-07,human,147,True
2026-07-02,2026-07-27,14,Monday,2026-07,assistant,2707,False
2026-07-02,2026-07-27,14,Monday,2026-07,human,185,False
2026-07-02,2026-07-27,14,Monday,2026-07,assistant,921,False
2026-07-02,2026-07-28,16,Tuesday,2026-07,human,159,True
2026-07-02,2026-07-28,16,Tuesday,2026-07,assistant,1117,False
2026-07-02,2026-07-28,16,Tuesday,2026-07,human,66,False
2026-07-02,2026-07-28,16,Tuesday,2026-07,assistant,3955,False
2026-07-02,2026-07-31,0,Friday,2026-07,human,464,True
2026-07-02,2026-07-31,0,Friday,2026-07,assistant,2322,False
2026-07-02,2026-07-31,0,Friday,2026-07,human,97,False
2026-07-02,2026-07-31,0,Friday,2026-07,assistant,1289,False
2026-07-02,2026-08-04,12,Tuesday,2026-08,human,141,True
2026-07-02,2026-08-04,12,Tuesday,2026-08,assistant,2596,False
2026-07-02,2026-08-04,12,Tuesday,2026-08,human,327,False
2026-07-02,2026-08-04,12,Tuesday,2026-08,assistant,2675,False
2026-07-02,2026-08-04,12,Tuesday,2026-08,human,515,False
2026-07-02,2026-08-04,12,Tuesday,2026-08,assistant,2084,False
2026-07-02,2026-08-04,16,Tuesday,2026-08,human,55,True
2026-07-02,2026-08-04,16,Tuesday,2026-08,assistant,1042,False
2026-07-02,2026-07-02,1,Thursday,2026-07,human,380,True
2026-07-02,2026-07-02,1,Thursday,2026-07,assistant,8735,False
2026-07-02,2026-07-02,2,Thursday,2026-07,human,3484,False
2026-07-02,2026-07-02,2,Thursday,2026-07,assistant,13264,False
2026-07-02,2026-07-02,2,Thursday,2026-07,human,263,False
2026-07-02,2026-07-02,2,Thursday,2026-07,assistant,5253,False
2026-07-02,2026-07-02,2,Thursday,2026-07,human,56,True
2026-07-02,2026-07-02,2,Thursday,2026-07,assistant,6192,False
2026-07-02,2026-07-02,2,Thursday,2026-07,human,41,False
2026-07-02,2026-07-02,2,Thursday,2026-07,assistant,2009,False
2026-07-02,2026-07-02,2,Thursday,2026-07,human,113,False
2026-07-02,2026-07-02,2,Thursday,2026-07,assistant,1423,False
2026-07-02,2026-07-02,2,Thursday,2026-07,human,283,False
2026-07-02,2026-07-02,2,Thursday,2026-07,assistant,4989,False
2026-07-02,2026-07-02,2,Thursday,2026-07,human,125,False
2026-07-02,2026-07-02,2,Thursday,2026-07,assistant,4600,False
2026-07-02,2026-07-02,2,Thursday,2026-07,human,67,False
2026-07-02,2026-07-02,2,Thursday,2026-07,assistant,2647,False
2026-07-02,2026-07-02,2,Thursday,2026-07,human,120,False
2026-07-02,2026-07-02,2,Thursday,2026-07,assistant,1292,False
2026-07-02,2026-07-02,13,Thursday,2026-07,human,125,False
2026-07-02,2026-07-02,13,Thursday,2026-07,assistant,138,False
2026-07-02,2026-07-02,22,Thursday,2026-07,human,3295,True
2026-07-02,2026-07-02,23,Thursday,2026-07,assistant,7147,False
2026-07-02,2026-07-02,23,Thursday,2026-07,human,158,False
2026-07-02,2026-07-02,23,Thursday,2026-07,assistant,3964,False
2026-07-02,2026-07-02,23,Thursday,2026-07,human,248,False
2026-07-02,2026-07-02,23,Thursday,2026-07,assistant,3782,False
2026-07-02,2026-07-02,23,Thursday,2026-07,human,193,True
2026-07-02,2026-07-02,23,Thursday,2026-07,assistant,4823,False
2026-07-02,2026-07-02,1,Thursday,2026-07,human,406,False
2026-07-02,2026-07-02,1,Thursday,2026-07,assistant,547,False
2026-07-02,2026-07-02,1,Thursday,2026-07,human,46,False
2026-07-02,2026-07-02,1,Thursday,2026-07,assistant,409,False
2026-07-02,2026-07-02,1,Thursday,2026-07,human,63,False
2026-07-02,2026-07-02,1,Thursday,2026-07,assistant,115,False
2026-07-02,2026-07-02,0,Thursday,2026-07,human,66,False
2026-07-02,2026-07-02,0,Thursday,2026-07,assistant,93,False
2026-06-30,2026-06-30,23,Tuesday,2026-06,human,3415,False
2026-06-30,2026-06-30,23,Tuesday,2026-06,assistant,2900,False
2026-06-30,2026-06-30,23,Tuesday,2026-06,human,44,False
2026-06-30,2026-06-30,23,Tuesday,2026-06,assistant,17192,True
2026-06-30,2026-07-01,0,Wednesday,2026-07,human,90,False
2026-06-30,2026-07-01,0,Wednesday,2026-07,assistant,2015,False
2026-06-30,2026-06-30,23,Tuesday,2026-06,human,48,False
2026-06-30,2026-06-30,23,Tuesday,2026-06,assistant,2043,False
2026-06-30,2026-06-30,23,Tuesday,2026-06,human,58,False
2026-06-30,2026-06-30,23,Tuesday,2026-06,assistant,2138,False
2026-06-30,2026-07-01,14,Wednesday,2026-07,human,103,False
2026-06-30,2026-07-01,14,Wednesday,2026-07,assistant,3216,False
2026-06-30,2026-07-01,15,Wednesday,2026-07,human,52,True
2026-06-30,2026-07-01,15,Wednesday,2026-07,assistant,3138,False
2026-06-30,2026-07-01,15,Wednesday,2026-07,human,217,False
2026-06-30,2026-07-01,15,Wednesday,2026-07,assistant,1631,False
2026-06-30,2026-07-01,15,Wednesday,2026-07,human,168,False
2026-06-30,2026-07-01,15,Wednesday,2026-07,assistant,709,False
2026-06-30,2026-06-30,22,Tuesday,2026-06,human,258,True
2026-06-30,2026-06-30,22,Tuesday,2026-06,assistant,4510,False
2026-06-30,2026-06-30,19,Tuesday,2026-06,human,1649,False
2026-06-30,2026-06-30,19,Tuesday,2026-06,assistant,4188,False
2026-06-30,2026-06-30,19,Tuesday,2026-06,human,404,False
2026-06-30,2026-06-30,19,Tuesday,2026-06,assistant,1953,False
2026-06-29,2026-06-29,15,Monday,2026-06,human,320,True
2026-06-29,2026-06-29,15,Monday,2026-06,assistant,12800,False
2026-06-29,2026-06-29,15,Monday,2026-06,human,330,False
2026-06-29,2026-06-29,15,Monday,2026-06,assistant,2160,False
2026-06-29,2026-06-30,15,Tuesday,2026-06,human,75,False
2026-06-29,2026-06-30,15,Tuesday,2026-06,assistant,4500,False
2026-06-29,2026-06-30,16,Tuesday,2026-06,human,194,False
2026-06-29,2026-06-30,16,Tuesday,2026-06,assistant,6360,False
2026-06-29,2026-06-30,16,Tuesday,2026-06,human,37,False
2026-06-29,2026-06-30,16,Tuesday,2026-06,assistant,3869,False
2026-06-29,2026-06-30,16,Tuesday,2026-06,human,64,True
2026-06-29,2026-06-30,16,Tuesday,2026-06,assistant,4701,False
2026-06-29,2026-06-30,16,Tuesday,2026-06,human,234,False
2026-06-29,2026-06-30,16,Tuesday,2026-06,assistant,2541,False
2026-06-29,2026-06-30,16,Tuesday,2026-06,human,144,False
2026-06-29,2026-06-30,16,Tuesday,2026-06,assistant,10896,False
2026-06-29,2026-06-30,16,Tuesday,2026-06,human,38,True
2026-06-29,2026-06-30,17,Tuesday,2026-06,assistant,3552,False
2026-06-29,2026-07-01,17,Wednesday,2026-07,human,220,True
2026-06-29,2026-07-01,17,Wednesday,2026-07,assistant,1579,False
2026-06-29,2026-06-29,15,Monday,2026-06,human,64,False
2026-06-29,2026-06-29,15,Monday,2026-06,assistant,2401,False
2026-06-29,2026-06-29,15,Monday,2026-06,human,106,False
2026-06-29,2026-06-29,15,Monday,2026-06,assistant,1909,False
2026-06-29,2026-06-29,16,Monday,2026-06,human,126,False
2026-06-29,2026-06-29,16,Monday,2026-06,assistant,3745,False
2026-06-29,2026-06-29,16,Monday,2026-06,human,65,True
2026-06-29,2026-06-29,16,Monday,2026-06,assistant,3105,False
2026-06-29,2026-06-29,16,Monday,2026-06,human,28,True
2026-06-29,2026-06-29,16,Monday,2026-06,assistant,1895,False
2026-06-29,2026-06-29,17,Monday,2026-06,human,88,True
2026-06-29,2026-06-29,17,Monday,2026-06,assistant,2534,False
2026-06-29,2026-06-29,18,Monday,2026-06,human,45,True
2026-06-29,2026-06-29,18,Monday,2026-06,assistant,1397,False
2026-06-29,2026-06-29,18,Monday,2026-06,human,0,True
2026-06-29,2026-06-29,18,Monday,2026-06,assistant,1365,False
2026-06-29,2026-06-29,18,Monday,2026-06,human,71,True
2026-06-29,2026-06-29,18,Monday,2026-06,assistant,841,False
2026-06-29,2026-06-29,18,Monday,2026-06,human,86,False
2026-06-29,2026-06-29,18,Monday,2026-06,assistant,1754,False
2026-06-29,2026-06-29,18,Monday,2026-06,human,455,False
2026-06-29,2026-06-29,18,Monday,2026-06,assistant,1661,False
2026-06-29,2026-06-29,18,Monday,2026-06,human,14,False
2026-06-29,2026-06-29,18,Monday,2026-06,assistant,1633,False
2026-06-28,2026-06-28,20,Sunday,2026-06,human,1867,False
2026-06-28,2026-06-28,20,Sunday,2026-06,assistant,12941,False
2026-06-28,2026-06-28,20,Sunday,2026-06,human,181,False
2026-06-28,2026-06-28,20,Sunday,2026-06,assistant,3422,False
2026-06-27,2026-06-27,14,Saturday,2026-06,human,221,False
2026-06-27,2026-06-27,14,Saturday,2026-06,assistant,7068,False
2026-06-27,2026-06-27,14,Saturday,2026-06,human,72,False
2026-06-27,2026-06-27,14,Saturday,2026-06,assistant,1158,False
2026-06-27,2026-06-27,14,Saturday,2026-06,human,378,False
2026-06-27,2026-06-27,14,Saturday,2026-06,assistant,3794,False
2026-06-27,2026-06-27,15,Saturday,2026-06,human,25,False
2026-06-27,2026-06-27,15,Saturday,2026-06,assistant,1263,False
2026-06-27,2026-06-27,14,Saturday,2026-06,human,350,True
2026-06-27,2026-06-27,14,Saturday,2026-06,assistant,8874,False
2026-06-26,2026-06-26,23,Friday,2026-06,human,133,False
2026-06-26,2026-06-26,23,Friday,2026-06,assistant,5156,False
2026-06-26,2026-06-26,22,Friday,2026-06,human,3771,False
2026-06-26,2026-06-26,22,Friday,2026-06,assistant,2448,False
2026-06-26,2026-06-26,22,Friday,2026-06,human,83,False
2026-06-26,2026-06-26,22,Friday,2026-06,assistant,13876,True
2026-06-26,2026-06-26,22,Friday,2026-06,human,681,False
2026-06-26,2026-06-26,23,Friday,2026-06,assistant,5839,True
2026-06-26,2026-06-26,23,Friday,2026-06,human,817,False
2026-06-26,2026-06-26,23,Friday,2026-06,assistant,3392,True
2026-06-26,2026-06-26,23,Friday,2026-06,human,483,False
2026-06-26,2026-06-26,23,Friday,2026-06,assistant,2156,False
2026-06-26,2026-06-26,23,Friday,2026-06,human,98,False
2026-06-26,2026-06-26,23,Friday,2026-06,assistant,1739,False
2026-06-26,2026-06-30,19,Tuesday,2026-06,human,755,False
2026-06-26,2026-06-30,19,Tuesday,2026-06,assistant,1890,True
2026-06-26,2026-06-30,23,Tuesday,2026-06,human,700,False
2026-06-26,2026-06-30,23,Tuesday,2026-06,assistant,1420,True
2026-06-26,2026-07-02,0,Thursday,2026-07,human,694,False
2026-06-26,2026-07-02,0,Thursday,2026-07,assistant,0,False
2026-06-26,2026-07-02,0,Thursday,2026-07,human,694,False
2026-06-26,2026-07-02,0,Thursday,2026-07,assistant,0,False
2026-06-26,2026-07-02,0,Thursday,2026-07,human,694,False
2026-06-26,2026-07-02,0,Thursday,2026-07,assistant,0,False
2026-06-26,2026-07-02,0,Thursday,2026-07,human,694,False
2026-06-26,2026-07-02,0,Thursday,2026-07,assistant,0,False
2026-06-26,2026-07-02,0,Thursday,2026-07,human,694,False
2026-06-26,2026-07-02,0,Thursday,2026-07,assistant,0,False
2026-06-26,2026-07-02,0,Thursday,2026-07,human,694,False
2026-06-26,2026-07-02,0,Thursday,2026-07,assistant,0,False
2026-06-26,2026-07-02,0,Thursday,2026-07,human,694,False
2026-06-26,2026-07-02,0,Thursday,2026-07,assistant,0,False
2026-06-26,2026-07-02,0,Thursday,2026-07,human,694,False
2026-06-26,2026-07-02,0,Thursday,2026-07,assistant,0,False
2026-06-26,2026-07-02,0,Thursday,2026-07,human,694,False
2026-06-26,2026-07-02,0,Thursday,2026-07,assistant,0,False
2026-06-26,2026-07-02,0,Thursday,2026-07,human,693,False
2026-06-26,2026-07-02,0,Thursday,2026-07,assistant,0,False
2026-06-26,2026-07-02,0,Thursday,2026-07,human,693,False
2026-06-26,2026-07-02,0,Thursday,2026-07,assistant,0,False
2026-06-26,2026-07-02,0,Thursday,2026-07,human,693,False
2026-06-26,2026-07-02,0,Thursday,2026-07,assistant,985,False
2026-06-26,2026-07-02,21,Thursday,2026-07,human,687,False
2026-06-26,2026-07-02,21,Thursday,2026-07,assistant,706,False
2026-06-26,2026-06-26,21,Friday,2026-06,human,40,False
2026-06-26,2026-06-26,21,Friday,2026-06,assistant,3777,False
2026-06-26,2026-06-26,21,Friday,2026-06,human,83,False
2026-06-26,2026-06-26,21,Friday,2026-06,assistant,6058,False
2026-06-26,2026-06-26,20,Friday,2026-06,human,893,True
2026-06-26,2026-06-26,20,Friday,2026-06,assistant,25900,False
2026-06-26,2026-06-26,20,Friday,2026-06,human,1301,False
2026-06-26,2026-06-26,20,Friday,2026-06,assistant,14550,False
2026-06-26,2026-06-26,20,Friday,2026-06,human,181,False
2026-06-26,2026-06-26,20,Friday,2026-06,assistant,10429,False
2026-06-26,2026-06-26,20,Friday,2026-06,human,150,False
2026-06-26,2026-06-26,20,Friday,2026-06,assistant,2426,False
2026-06-26,2026-06-26,20,Friday,2026-06,human,322,False
2026-06-26,2026-06-26,20,Friday,2026-06,assistant,3040,False
2026-06-26,2026-06-26,20,Friday,2026-06,human,40,False
2026-06-26,2026-06-26,20,Friday,2026-06,assistant,1953,False
2026-06-25,2026-06-25,22,Thursday,2026-06,human,222,False
2026-06-25,2026-06-25,22,Thursday,2026-06,assistant,5715,False
2026-06-25,2026-06-26,15,Friday,2026-06,human,227,False
2026-06-25,2026-06-26,15,Friday,2026-06,assistant,3251,False
2026-06-25,2026-06-25,19,Thursday,2026-06,human,353,False
2026-06-25,2026-06-25,19,Thursday,2026-06,assistant,8540,False
2026-06-25,2026-06-25,19,Thursday,2026-06,human,230,False
2026-06-25,2026-06-25,19,Thursday,2026-06,assistant,5202,False
2026-06-25,2026-06-25,19,Thursday,2026-06,human,121,False
2026-06-25,2026-06-25,19,Thursday,2026-06,assistant,7020,False
2026-06-25,2026-06-25,1,Thursday,2026-06,human,302,False
2026-06-25,2026-06-25,1,Thursday,2026-06,assistant,2441,False
